simulation,subject,group_id,question_count,question_start,question_end,shared_context,source_file,source_exam,pages,question_ids
simulacro-1,Lectura Crítica,LEC-reading2026-main-04-05,2,4,5,True,16-feb-cuadernillo-de-preguntas-lectura-critica-saber-11-2026.pdf,,assets/pages/16-feb-cuadernillo-de-preguntas-lectura-critica-saber-1/p008.jpg | assets/pages/16-feb-cuadernillo-de-preguntas-lectura-critica-saber-1/p009.jpg,reading2026:main:04 | reading2026:main:05
simulacro-1,Lectura Crítica,LEC-reading2026-main-09-10,2,9,10,True,16-feb-cuadernillo-de-preguntas-lectura-critica-saber-11-2026.pdf,,assets/pages/16-feb-cuadernillo-de-preguntas-lectura-critica-saber-1/p011.jpg | assets/pages/16-feb-cuadernillo-de-preguntas-lectura-critica-saber-1/p012.jpg,reading2026:main:09 | reading2026:main:10
simulacro-1,Lectura Crítica,LEC-reading2026-main-11-12,1,11,11,True,16-feb-cuadernillo-de-preguntas-lectura-critica-saber-11-2026.pdf,,assets/pages/16-feb-cuadernillo-de-preguntas-lectura-critica-saber-1/p013.jpg | assets/pages/16-feb-cuadernillo-de-preguntas-lectura-critica-saber-1/p014.jpg,reading2026:main:11
simulacro-1,Lectura Crítica,LEC-reading2026-main-13-13,1,13,13,False,16-feb-cuadernillo-de-preguntas-lectura-critica-saber-11-2026.pdf,,assets/pages/16-feb-cuadernillo-de-preguntas-lectura-critica-saber-1/p015.jpg,reading2026:main:13
simulacro-1,Lectura Crítica,LEC-reading2026-main-14-14,1,14,14,False,16-feb-cuadernillo-de-preguntas-lectura-critica-saber-11-2026.pdf,,assets/pages/16-feb-cuadernillo-de-preguntas-lectura-critica-saber-1/p016.jpg,reading2026:main:14
simulacro-1,Lectura Crítica,LEC-reading2026-main-15-16,2,15,16,True,16-feb-cuadernillo-de-preguntas-lectura-critica-saber-11-2026.pdf,,assets/pages/16-feb-cuadernillo-de-preguntas-lectura-critica-saber-1/p017.jpg,reading2026:main:15 | reading2026:main:16
simulacro-1,Lectura Crítica,LEC-reading2026-main-17-18,2,17,18,True,16-feb-cuadernillo-de-preguntas-lectura-critica-saber-11-2026.pdf,,assets/pages/16-feb-cuadernillo-de-preguntas-lectura-critica-saber-1/p018.jpg | assets/pages/16-feb-cuadernillo-de-preguntas-lectura-critica-saber-1/p019.jpg,reading2026:main:17 | reading2026:main:18
simulacro-1,Lectura Crítica,LEC-reading2026-main-19-20,2,19,20,True,16-feb-cuadernillo-de-preguntas-lectura-critica-saber-11-2026.pdf,,assets/pages/16-feb-cuadernillo-de-preguntas-lectura-critica-saber-1/p020.jpg | assets/pages/16-feb-cuadernillo-de-preguntas-lectura-critica-saber-1/p021.jpg,reading2026:main:19 | reading2026:main:20
simulacro-2,Lectura Crítica,LEC-reading2026-main-23-23,1,23,23,False,16-feb-cuadernillo-de-preguntas-lectura-critica-saber-11-2026.pdf,,assets/pages/16-feb-cuadernillo-de-preguntas-lectura-critica-saber-1/p024.jpg,reading2026:main:23
simulacro-2,Lectura Crítica,LEC-reading2026-main-25-25,1,25,25,False,16-feb-cuadernillo-de-preguntas-lectura-critica-saber-11-2026.pdf,,assets/pages/16-feb-cuadernillo-de-preguntas-lectura-critica-saber-1/p026.jpg,reading2026:main:25
simulacro-1,Lectura Crítica,LEC-reading2026-main-29-33,5,29,33,True,16-feb-cuadernillo-de-preguntas-lectura-critica-saber-11-2026.pdf,,assets/pages/16-feb-cuadernillo-de-preguntas-lectura-critica-saber-1/p029.jpg | assets/pages/16-feb-cuadernillo-de-preguntas-lectura-critica-saber-1/p030.jpg | assets/pages/16-feb-cuadernillo-de-preguntas-lectura-critica-saber-1/p031.jpg,reading2026:main:29 | reading2026:main:30 | reading2026:main:31 | reading2026:main:32 | reading2026:main:33
simulacro-1,Lectura Crítica,LEC-reading2026-main-34-41,8,34,41,True,16-feb-cuadernillo-de-preguntas-lectura-critica-saber-11-2026.pdf,,assets/pages/16-feb-cuadernillo-de-preguntas-lectura-critica-saber-1/p032.jpg | assets/pages/16-feb-cuadernillo-de-preguntas-lectura-critica-saber-1/p033.jpg | assets/pages/16-feb-cuadernillo-de-preguntas-lectura-critica-saber-1/p034.jpg | assets/pages/16-feb-cuadernillo-de-preguntas-lectura-critica-saber-1/p035.jpg,reading2026:main:34 | reading2026:main:35 | reading2026:main:36 | reading2026:main:37 | reading2026:main:38 | reading2026:main:39 | reading2026:main:40 | reading2026:main:41
simulacro-1,Lectura Crítica,EXT-reading2026-42-49,7,42,48,True,16-feb-cuadernillo-de-preguntas-lectura-critica-saber-11-2026.pdf,,assets/pages/expanded/reading2026/p036.jpg | assets/pages/expanded/reading2026/p037.jpg | assets/pages/expanded/reading2026/p038.jpg | assets/pages/expanded/reading2026/p039.jpg,reading2026:42 | reading2026:43 | reading2026:44 | reading2026:45 | reading2026:46 | reading2026:47 | reading2026:48
simulacro-1,Lectura Crítica,EXT-eva2020-reading1-01-04,4,1,4,True,guia-lecturacritica-11-1.pdf,Evaluar para Avanzar 2020 - Cuadernillo 1,assets/pages/expanded/eva2020-reading1/eva2020-reading1-01-04-01.jpg | assets/pages/expanded/eva2020-reading1/eva2020-reading1-01-04-02.jpg,eva2020-reading1:01 | eva2020-reading1:02 | eva2020-reading1:03 | eva2020-reading1:04
simulacro-1,Lectura Crítica,EXT-eva2020-reading1-05-08,4,5,8,True,guia-lecturacritica-11-1.pdf,Evaluar para Avanzar 2020 - Cuadernillo 1,assets/pages/expanded/eva2020-reading1/eva2020-reading1-05-08-01.jpg,eva2020-reading1:05 | eva2020-reading1:06 | eva2020-reading1:07 | eva2020-reading1:08
simulacro-2,Lectura Crítica,EXT-eva2020-reading1-09-12,4,9,12,True,guia-lecturacritica-11-1.pdf,Evaluar para Avanzar 2020 - Cuadernillo 1,assets/pages/expanded/eva2020-reading1/eva2020-reading1-09-12-01.jpg,eva2020-reading1:09 | eva2020-reading1:10 | eva2020-reading1:11 | eva2020-reading1:12
simulacro-2,Lectura Crítica,EXT-eva2020-reading1-13-16,4,13,16,True,guia-lecturacritica-11-1.pdf,Evaluar para Avanzar 2020 - Cuadernillo 1,assets/pages/expanded/eva2020-reading1/eva2020-reading1-13-16-01.jpg,eva2020-reading1:13 | eva2020-reading1:14 | eva2020-reading1:15 | eva2020-reading1:16
simulacro-2,Lectura Crítica,EXT-eva2020-reading1-17-20,4,17,20,True,guia-lecturacritica-11-1.pdf,Evaluar para Avanzar 2020 - Cuadernillo 1,assets/pages/expanded/eva2020-reading1/eva2020-reading1-17-20-01.jpg | assets/pages/expanded/eva2020-reading1/eva2020-reading1-17-20-02.jpg,eva2020-reading1:17 | eva2020-reading1:18 | eva2020-reading1:19 | eva2020-reading1:20
simulacro-2,Lectura Crítica,EXT-reading2019-01-01,1,1,1,False,cuadernillo-de-preguntas-saber-11-lectura-critica-2019.pdf,,assets/pages/expanded/reading2019/p005.jpg,reading2019:01
simulacro-2,Lectura Crítica,EXT-reading2019-02-03,2,2,3,True,cuadernillo-de-preguntas-saber-11-lectura-critica-2019.pdf,,assets/pages/expanded/reading2019/p006.jpg,reading2019:02 | reading2019:03
simulacro-2,Lectura Crítica,EXT-reading2019-05-06,2,5,6,True,cuadernillo-de-preguntas-saber-11-lectura-critica-2019.pdf,,assets/pages/expanded/reading2019/p008.jpg | assets/pages/expanded/reading2019/p009.jpg,reading2019:05 | reading2019:06
simulacro-2,Lectura Crítica,EXT-reading2019-07-08,2,7,8,True,cuadernillo-de-preguntas-saber-11-lectura-critica-2019.pdf,,assets/pages/expanded/reading2019/p009.jpg | assets/pages/expanded/reading2019/p010.jpg,reading2019:07 | reading2019:08
simulacro-2,Lectura Crítica,EXT-reading2019-09-10,2,9,10,True,cuadernillo-de-preguntas-saber-11-lectura-critica-2019.pdf,,assets/pages/expanded/reading2019/p010.jpg | assets/pages/expanded/reading2019/p011.jpg,reading2019:09 | reading2019:10
simulacro-2,Lectura Crítica,EXT-reading2019-11-12,2,11,12,True,cuadernillo-de-preguntas-saber-11-lectura-critica-2019.pdf,,assets/pages/expanded/reading2019/p011.jpg,reading2019:11 | reading2019:12
simulacro-2,Lectura Crítica,EXT-reading2019-15-16,2,15,16,True,cuadernillo-de-preguntas-saber-11-lectura-critica-2019.pdf,,assets/pages/expanded/reading2019/p013.jpg | assets/pages/expanded/reading2019/p014.jpg,reading2019:15 | reading2019:16
simulacro-2,Lectura Crítica,EXT-reading2019-17-18,1,18,18,True,cuadernillo-de-preguntas-saber-11-lectura-critica-2019.pdf,,assets/pages/expanded/reading2019/p014.jpg | assets/pages/expanded/reading2019/p015.jpg,reading2019:18
simulacro-2,Lectura Crítica,EXT-reading2019-19-20,1,20,20,True,cuadernillo-de-preguntas-saber-11-lectura-critica-2019.pdf,,assets/pages/expanded/reading2019/p015.jpg | assets/pages/expanded/reading2019/p016.jpg,reading2019:20
simulacro-2,Lectura Crítica,EXT-reading2019-21-21,1,21,21,False,cuadernillo-de-preguntas-saber-11-lectura-critica-2019.pdf,,assets/pages/expanded/reading2019/p016.jpg | assets/pages/expanded/reading2019/p017.jpg,reading2019:21
simulacro-2,Lectura Crítica,EXT-reading2019-23-23,1,23,23,False,cuadernillo-de-preguntas-saber-11-lectura-critica-2019.pdf,,assets/pages/expanded/reading2019/p018.jpg,reading2019:23
simulacro-2,Lectura Crítica,EXT-reading2019-24-24,1,24,24,False,cuadernillo-de-preguntas-saber-11-lectura-critica-2019.pdf,,assets/pages/expanded/reading2019/p018.jpg | assets/pages/expanded/reading2019/p019.jpg,reading2019:24
simulacro-2,Lectura Crítica,EXT-reading2019-25-25,1,25,25,False,cuadernillo-de-preguntas-saber-11-lectura-critica-2019.pdf,,assets/pages/expanded/reading2019/p019.jpg | assets/pages/expanded/reading2019/p020.jpg,reading2019:25
simulacro-2,Lectura Crítica,EXT-reading2019-26-28,1,26,26,True,cuadernillo-de-preguntas-saber-11-lectura-critica-2019.pdf,,assets/pages/expanded/reading2019/p020.jpg,reading2019:26
simulacro-2,Lectura Crítica,EXT-reading2019-29-33,1,29,29,True,cuadernillo-de-preguntas-saber-11-lectura-critica-2019.pdf,,assets/pages/expanded/reading2019/p021.jpg | assets/pages/expanded/reading2019/p022.jpg,reading2019:29
simulacro-2,Lectura Crítica,EXT-reading2019-34-41,4,35,41,True,cuadernillo-de-preguntas-saber-11-lectura-critica-2019.pdf,,assets/pages/expanded/reading2019/p023.jpg | assets/pages/expanded/reading2019/p024.jpg | assets/pages/expanded/reading2019/p025.jpg,reading2019:35 | reading2019:36 | reading2019:37 | reading2019:41
simulacro-2,Lectura Crítica,EXT-reading2019-42-49,2,45,49,True,cuadernillo-de-preguntas-saber-11-lectura-critica-2019.pdf,,assets/pages/expanded/reading2019/p025.jpg | assets/pages/expanded/reading2019/p026.jpg | assets/pages/expanded/reading2019/p027.jpg,reading2019:45 | reading2019:49
simulacro-1,Matemáticas,MAT-math2026-main-01-01,1,1,1,False,09-Marzo_Cuadernillo-de-Preguntas-Matematicas-Saber-11-2026.pdf,,assets/pages/09-marzo-cuadernillo-de-preguntas-matematicas-saber-11-/p006.jpg,math2026:main:01
simulacro-1,Matemáticas,MAT-math2026-main-03-03,1,3,3,False,09-Marzo_Cuadernillo-de-Preguntas-Matematicas-Saber-11-2026.pdf,,assets/pages/09-marzo-cuadernillo-de-preguntas-matematicas-saber-11-/p007.jpg,math2026:main:03
simulacro-1,Matemáticas,MAT-math2026-main-04-06,3,4,6,True,09-Marzo_Cuadernillo-de-Preguntas-Matematicas-Saber-11-2026.pdf,,assets/pages/09-marzo-cuadernillo-de-preguntas-matematicas-saber-11-/p007.jpg | assets/pages/09-marzo-cuadernillo-de-preguntas-matematicas-saber-11-/p008.jpg,math2026:main:04 | math2026:main:05 | math2026:main:06
simulacro-1,Matemáticas,MAT-math2026-main-07-07,1,7,7,False,09-Marzo_Cuadernillo-de-Preguntas-Matematicas-Saber-11-2026.pdf,,assets/pages/09-marzo-cuadernillo-de-preguntas-matematicas-saber-11-/p009.jpg,math2026:main:07
simulacro-1,Matemáticas,MAT-math2026-main-08-08,1,8,8,False,09-Marzo_Cuadernillo-de-Preguntas-Matematicas-Saber-11-2026.pdf,,assets/pages/09-marzo-cuadernillo-de-preguntas-matematicas-saber-11-/p009.jpg,math2026:main:08
simulacro-1,Matemáticas,MAT-math2026-main-09-13,4,9,13,True,09-Marzo_Cuadernillo-de-Preguntas-Matematicas-Saber-11-2026.pdf,,assets/pages/09-marzo-cuadernillo-de-preguntas-matematicas-saber-11-/p010.jpg | assets/pages/09-marzo-cuadernillo-de-preguntas-matematicas-saber-11-/p011.jpg | assets/pages/09-marzo-cuadernillo-de-preguntas-matematicas-saber-11-/p012.jpg,math2026:main:09 | math2026:main:10 | math2026:main:11 | math2026:main:13
simulacro-1,Matemáticas,MAT-math2026-main-14-14,1,14,14,False,09-Marzo_Cuadernillo-de-Preguntas-Matematicas-Saber-11-2026.pdf,,assets/pages/09-marzo-cuadernillo-de-preguntas-matematicas-saber-11-/p013.jpg,math2026:main:14
simulacro-1,Matemáticas,MAT-math2026-main-15-15,1,15,15,False,09-Marzo_Cuadernillo-de-Preguntas-Matematicas-Saber-11-2026.pdf,,assets/pages/09-marzo-cuadernillo-de-preguntas-matematicas-saber-11-/p013.jpg,math2026:main:15
simulacro-1,Matemáticas,MAT-math2026-main-16-16,1,16,16,False,09-Marzo_Cuadernillo-de-Preguntas-Matematicas-Saber-11-2026.pdf,,assets/pages/09-marzo-cuadernillo-de-preguntas-matematicas-saber-11-/p014.jpg,math2026:main:16
simulacro-1,Matemáticas,MAT-math2026-main-17-17,1,17,17,False,09-Marzo_Cuadernillo-de-Preguntas-Matematicas-Saber-11-2026.pdf,,assets/pages/09-marzo-cuadernillo-de-preguntas-matematicas-saber-11-/p014.jpg,math2026:main:17
simulacro-1,Matemáticas,MAT-math2026-main-18-18,1,18,18,False,09-Marzo_Cuadernillo-de-Preguntas-Matematicas-Saber-11-2026.pdf,,assets/pages/09-marzo-cuadernillo-de-preguntas-matematicas-saber-11-/p015.jpg,math2026:main:18
simulacro-1,Matemáticas,MAT-math2026-main-19-19,1,19,19,False,09-Marzo_Cuadernillo-de-Preguntas-Matematicas-Saber-11-2026.pdf,,assets/pages/09-marzo-cuadernillo-de-preguntas-matematicas-saber-11-/p015.jpg,math2026:main:19
simulacro-1,Matemáticas,MAT-math2026-main-20-20,1,20,20,False,09-Marzo_Cuadernillo-de-Preguntas-Matematicas-Saber-11-2026.pdf,,assets/pages/09-marzo-cuadernillo-de-preguntas-matematicas-saber-11-/p016.jpg,math2026:main:20
simulacro-1,Matemáticas,MAT-math2026-main-21-21,1,21,21,False,09-Marzo_Cuadernillo-de-Preguntas-Matematicas-Saber-11-2026.pdf,,assets/pages/09-marzo-cuadernillo-de-preguntas-matematicas-saber-11-/p016.jpg,math2026:main:21
simulacro-1,Matemáticas,MAT-math2026-main-23-23,1,23,23,False,09-Marzo_Cuadernillo-de-Preguntas-Matematicas-Saber-11-2026.pdf,,assets/pages/09-marzo-cuadernillo-de-preguntas-matematicas-saber-11-/p017.jpg,math2026:main:23
simulacro-1,Matemáticas,MAT-math2026-main-24-24,1,24,24,False,09-Marzo_Cuadernillo-de-Preguntas-Matematicas-Saber-11-2026.pdf,,assets/pages/09-marzo-cuadernillo-de-preguntas-matematicas-saber-11-/p018.jpg,math2026:main:24
simulacro-1,Matemáticas,MAT-math2026-main-25-25,1,25,25,False,09-Marzo_Cuadernillo-de-Preguntas-Matematicas-Saber-11-2026.pdf,,assets/pages/09-marzo-cuadernillo-de-preguntas-matematicas-saber-11-/p019.jpg,math2026:main:25
simulacro-1,Matemáticas,MAT-math2026-main-26-26,1,26,26,False,09-Marzo_Cuadernillo-de-Preguntas-Matematicas-Saber-11-2026.pdf,,assets/pages/09-marzo-cuadernillo-de-preguntas-matematicas-saber-11-/p019.jpg,math2026:main:26
simulacro-1,Matemáticas,MAT-math2026-main-27-27,1,27,27,False,09-Marzo_Cuadernillo-de-Preguntas-Matematicas-Saber-11-2026.pdf,,assets/pages/09-marzo-cuadernillo-de-preguntas-matematicas-saber-11-/p020.jpg,math2026:main:27
simulacro-1,Matemáticas,MAT-math2026-main-28-28,1,28,28,False,09-Marzo_Cuadernillo-de-Preguntas-Matematicas-Saber-11-2026.pdf,,assets/pages/09-marzo-cuadernillo-de-preguntas-matematicas-saber-11-/p020.jpg,math2026:main:28
simulacro-1,Matemáticas,MAT-math2026-main-29-29,1,29,29,False,09-Marzo_Cuadernillo-de-Preguntas-Matematicas-Saber-11-2026.pdf,,assets/pages/09-marzo-cuadernillo-de-preguntas-matematicas-saber-11-/p021.jpg,math2026:main:29
simulacro-1,Matemáticas,MAT-math2026-main-31-31,1,31,31,False,09-Marzo_Cuadernillo-de-Preguntas-Matematicas-Saber-11-2026.pdf,,assets/pages/09-marzo-cuadernillo-de-preguntas-matematicas-saber-11-/p022.jpg,math2026:main:31
simulacro-1,Matemáticas,MAT-math2026-main-32-32,1,32,32,False,09-Marzo_Cuadernillo-de-Preguntas-Matematicas-Saber-11-2026.pdf,,assets/pages/09-marzo-cuadernillo-de-preguntas-matematicas-saber-11-/p022.jpg,math2026:main:32
simulacro-1,Matemáticas,MAT-math2026-main-34-34,1,34,34,False,09-Marzo_Cuadernillo-de-Preguntas-Matematicas-Saber-11-2026.pdf,,assets/pages/09-marzo-cuadernillo-de-preguntas-matematicas-saber-11-/p024.jpg,math2026:main:34
simulacro-1,Matemáticas,MAT-math2026-main-35-35,1,35,35,False,09-Marzo_Cuadernillo-de-Preguntas-Matematicas-Saber-11-2026.pdf,,assets/pages/09-marzo-cuadernillo-de-preguntas-matematicas-saber-11-/p024.jpg,math2026:main:35
simulacro-1,Matemáticas,MAT-math2026-main-38-38,1,38,38,False,09-Marzo_Cuadernillo-de-Preguntas-Matematicas-Saber-11-2026.pdf,,assets/pages/09-marzo-cuadernillo-de-preguntas-matematicas-saber-11-/p025.jpg,math2026:main:38
simulacro-1,Matemáticas,MAT-math2026-main-39-39,1,39,39,False,09-Marzo_Cuadernillo-de-Preguntas-Matematicas-Saber-11-2026.pdf,,assets/pages/09-marzo-cuadernillo-de-preguntas-matematicas-saber-11-/p026.jpg,math2026:main:39
simulacro-1,Matemáticas,MAT-math2026-main-41-41,1,41,41,False,09-Marzo_Cuadernillo-de-Preguntas-Matematicas-Saber-11-2026.pdf,,assets/pages/09-marzo-cuadernillo-de-preguntas-matematicas-saber-11-/p027.jpg,math2026:main:41
simulacro-1,Matemáticas,MAT-math2026-main-42-42,1,42,42,False,09-Marzo_Cuadernillo-de-Preguntas-Matematicas-Saber-11-2026.pdf,,assets/pages/09-marzo-cuadernillo-de-preguntas-matematicas-saber-11-/p027.jpg,math2026:main:42
simulacro-1,Matemáticas,MAT-math2026-main-43-43,1,43,43,False,09-Marzo_Cuadernillo-de-Preguntas-Matematicas-Saber-11-2026.pdf,,assets/pages/09-marzo-cuadernillo-de-preguntas-matematicas-saber-11-/p028.jpg,math2026:main:43
simulacro-1,Matemáticas,MAT-math2026-main-44-44,1,44,44,False,09-Marzo_Cuadernillo-de-Preguntas-Matematicas-Saber-11-2026.pdf,,assets/pages/09-marzo-cuadernillo-de-preguntas-matematicas-saber-11-/p029.jpg,math2026:main:44
simulacro-1,Matemáticas,MAT-math2026-main-45-45,1,45,45,False,09-Marzo_Cuadernillo-de-Preguntas-Matematicas-Saber-11-2026.pdf,,assets/pages/09-marzo-cuadernillo-de-preguntas-matematicas-saber-11-/p029.jpg,math2026:main:45
simulacro-1,Matemáticas,MAT-math2026-main-46-46,1,46,46,False,09-Marzo_Cuadernillo-de-Preguntas-Matematicas-Saber-11-2026.pdf,,assets/pages/09-marzo-cuadernillo-de-preguntas-matematicas-saber-11-/p030.jpg,math2026:main:46
simulacro-1,Matemáticas,MAT-math2026-main-48-48,1,48,48,False,09-Marzo_Cuadernillo-de-Preguntas-Matematicas-Saber-11-2026.pdf,,assets/pages/09-marzo-cuadernillo-de-preguntas-matematicas-saber-11-/p031.jpg,math2026:main:48
simulacro-1,Matemáticas,MAT-math2026-main-49-49,1,49,49,False,09-Marzo_Cuadernillo-de-Preguntas-Matematicas-Saber-11-2026.pdf,,assets/pages/09-marzo-cuadernillo-de-preguntas-matematicas-saber-11-/p031.jpg,math2026:main:49
simulacro-1,Matemáticas,MAT-math2026-main-50-50,1,50,50,False,09-Marzo_Cuadernillo-de-Preguntas-Matematicas-Saber-11-2026.pdf,,assets/pages/09-marzo-cuadernillo-de-preguntas-matematicas-saber-11-/p032.jpg,math2026:main:50
simulacro-1,Matemáticas,EXT-eva2020-math1-01-01,1,1,1,False,guia-matematicas-11-1.pdf,Evaluar para Avanzar 2020 - Cuadernillo 1,assets/pages/expanded/eva2020-math1/eva2020-math1-01-01-01.jpg,eva2020-math1:01
simulacro-1,Matemáticas,EXT-eva2020-math1-02-06,5,2,6,True,guia-matematicas-11-1.pdf,Evaluar para Avanzar 2020 - Cuadernillo 1,assets/pages/expanded/eva2020-math1/eva2020-math1-02-06-01.jpg | assets/pages/expanded/eva2020-math1/eva2020-math1-02-06-02.jpg,eva2020-math1:02 | eva2020-math1:03 | eva2020-math1:04 | eva2020-math1:05 | eva2020-math1:06
simulacro-1,Matemáticas,EXT-eva2020-math1-07-07,1,7,7,False,guia-matematicas-11-1.pdf,Evaluar para Avanzar 2020 - Cuadernillo 1,assets/pages/expanded/eva2020-math1/eva2020-math1-07-07-01.jpg,eva2020-math1:07
simulacro-1,Matemáticas,EXT-eva2020-math1-08-08,1,8,8,False,guia-matematicas-11-1.pdf,Evaluar para Avanzar 2020 - Cuadernillo 1,assets/pages/expanded/eva2020-math1/eva2020-math1-08-08-01.jpg,eva2020-math1:08
simulacro-1,Matemáticas,EXT-eva2020-math1-09-09,1,9,9,False,guia-matematicas-11-1.pdf,Evaluar para Avanzar 2020 - Cuadernillo 1,assets/pages/expanded/eva2020-math1/eva2020-math1-09-09-01.jpg,eva2020-math1:09
simulacro-2,Matemáticas,EXT-eva2020-math1-10-10,1,10,10,False,guia-matematicas-11-1.pdf,Evaluar para Avanzar 2020 - Cuadernillo 1,assets/pages/expanded/eva2020-math1/eva2020-math1-10-10-01.jpg,eva2020-math1:10
simulacro-2,Matemáticas,EXT-eva2020-math1-11-11,1,11,11,False,guia-matematicas-11-1.pdf,Evaluar para Avanzar 2020 - Cuadernillo 1,assets/pages/expanded/eva2020-math1/eva2020-math1-11-11-01.jpg,eva2020-math1:11
simulacro-2,Matemáticas,EXT-eva2020-math1-12-12,1,12,12,False,guia-matematicas-11-1.pdf,Evaluar para Avanzar 2020 - Cuadernillo 1,assets/pages/expanded/eva2020-math1/eva2020-math1-12-12-01.jpg,eva2020-math1:12
simulacro-2,Matemáticas,EXT-eva2020-math1-13-14,2,13,14,True,guia-matematicas-11-1.pdf,Evaluar para Avanzar 2020 - Cuadernillo 1,assets/pages/expanded/eva2020-math1/eva2020-math1-13-14-01.jpg,eva2020-math1:13 | eva2020-math1:14
simulacro-2,Matemáticas,EXT-eva2020-math1-15-15,1,15,15,False,guia-matematicas-11-1.pdf,Evaluar para Avanzar 2020 - Cuadernillo 1,assets/pages/expanded/eva2020-math1/eva2020-math1-15-15-01.jpg,eva2020-math1:15
simulacro-2,Matemáticas,EXT-eva2020-math1-16-16,1,16,16,False,guia-matematicas-11-1.pdf,Evaluar para Avanzar 2020 - Cuadernillo 1,assets/pages/expanded/eva2020-math1/eva2020-math1-16-16-01.jpg,eva2020-math1:16
simulacro-2,Matemáticas,EXT-eva2020-math1-17-17,1,17,17,False,guia-matematicas-11-1.pdf,Evaluar para Avanzar 2020 - Cuadernillo 1,assets/pages/expanded/eva2020-math1/eva2020-math1-17-17-01.jpg,eva2020-math1:17
simulacro-2,Matemáticas,EXT-eva2020-math1-18-18,1,18,18,False,guia-matematicas-11-1.pdf,Evaluar para Avanzar 2020 - Cuadernillo 1,assets/pages/expanded/eva2020-math1/eva2020-math1-18-18-01.jpg,eva2020-math1:18
simulacro-2,Matemáticas,EXT-eva2020-math1-19-19,1,19,19,False,guia-matematicas-11-1.pdf,Evaluar para Avanzar 2020 - Cuadernillo 1,assets/pages/expanded/eva2020-math1/eva2020-math1-19-19-01.jpg,eva2020-math1:19
simulacro-2,Matemáticas,EXT-eva2020-math1-20-20,1,20,20,False,guia-matematicas-11-1.pdf,Evaluar para Avanzar 2020 - Cuadernillo 1,assets/pages/expanded/eva2020-math1/eva2020-math1-20-20-01.jpg,eva2020-math1:20
simulacro-2,Matemáticas,EXT-math2019-01-01,1,1,1,False,Cuadernillo-MT.pdf,,assets/pages/expanded/math2019/p005.jpg,math2019:01
simulacro-2,Matemáticas,EXT-math2019-02-02,1,2,2,False,Cuadernillo-MT.pdf,,assets/pages/expanded/math2019/p005.jpg,math2019:02
simulacro-2,Matemáticas,EXT-math2019-03-03,1,3,3,False,Cuadernillo-MT.pdf,,assets/pages/expanded/math2019/p006.jpg,math2019:03
simulacro-2,Matemáticas,EXT-math2019-04-06,2,4,6,True,Cuadernillo-MT.pdf,,assets/pages/expanded/math2019/p006.jpg | assets/pages/expanded/math2019/p007.jpg,math2019:04 | math2019:06
simulacro-2,Matemáticas,EXT-math2019-07-08,2,7,8,True,Cuadernillo-MT.pdf,,assets/pages/expanded/math2019/p007.jpg | assets/pages/expanded/math2019/p008.jpg,math2019:07 | math2019:08
simulacro-2,Matemáticas,EXT-math2019-09-13,3,9,13,True,Cuadernillo-MT.pdf,,assets/pages/expanded/math2019/p008.jpg | assets/pages/expanded/math2019/p009.jpg,math2019:09 | math2019:12 | math2019:13
simulacro-2,Matemáticas,EXT-math2019-14-14,1,14,14,False,Cuadernillo-MT.pdf,,assets/pages/expanded/math2019/p010.jpg,math2019:14
simulacro-2,Matemáticas,EXT-math2019-15-15,1,15,15,False,Cuadernillo-MT.pdf,,assets/pages/expanded/math2019/p010.jpg,math2019:15
simulacro-2,Matemáticas,EXT-math2019-17-17,1,17,17,False,Cuadernillo-MT.pdf,,assets/pages/expanded/math2019/p011.jpg,math2019:17
simulacro-2,Matemáticas,EXT-math2019-18-18,1,18,18,False,Cuadernillo-MT.pdf,,assets/pages/expanded/math2019/p011.jpg,math2019:18
simulacro-2,Matemáticas,EXT-math2019-20-20,1,20,20,False,Cuadernillo-MT.pdf,,assets/pages/expanded/math2019/p012.jpg,math2019:20
simulacro-2,Matemáticas,EXT-math2019-21-21,1,21,21,False,Cuadernillo-MT.pdf,,assets/pages/expanded/math2019/p012.jpg,math2019:21
simulacro-2,Matemáticas,EXT-math2019-22-22,1,22,22,False,Cuadernillo-MT.pdf,,assets/pages/expanded/math2019/p013.jpg,math2019:22
simulacro-2,Matemáticas,EXT-math2019-23-23,1,23,23,False,Cuadernillo-MT.pdf,,assets/pages/expanded/math2019/p013.jpg,math2019:23
simulacro-2,Matemáticas,EXT-math2019-24-24,1,24,24,False,Cuadernillo-MT.pdf,,assets/pages/expanded/math2019/p013.jpg,math2019:24
simulacro-2,Matemáticas,EXT-math2019-26-26,1,26,26,False,Cuadernillo-MT.pdf,,assets/pages/expanded/math2019/p014.jpg,math2019:26
simulacro-2,Matemáticas,EXT-math2019-28-28,1,28,28,False,Cuadernillo-MT.pdf,,assets/pages/expanded/math2019/p015.jpg,math2019:28
simulacro-2,Matemáticas,EXT-math2019-29-29,1,29,29,False,Cuadernillo-MT.pdf,,assets/pages/expanded/math2019/p015.jpg,math2019:29
simulacro-2,Matemáticas,EXT-math2019-30-30,1,30,30,False,Cuadernillo-MT.pdf,,assets/pages/expanded/math2019/p016.jpg,math2019:30
simulacro-2,Matemáticas,EXT-math2019-31-31,1,31,31,False,Cuadernillo-MT.pdf,,assets/pages/expanded/math2019/p016.jpg,math2019:31
simulacro-2,Matemáticas,EXT-math2019-32-32,1,32,32,False,Cuadernillo-MT.pdf,,assets/pages/expanded/math2019/p017.jpg,math2019:32
simulacro-2,Matemáticas,EXT-math2019-33-33,1,33,33,False,Cuadernillo-MT.pdf,,assets/pages/expanded/math2019/p017.jpg,math2019:33
simulacro-2,Matemáticas,EXT-math2019-34-35,2,34,35,True,Cuadernillo-MT.pdf,,assets/pages/expanded/math2019/p018.jpg,math2019:34 | math2019:35
simulacro-2,Matemáticas,EXT-math2019-36-36,1,36,36,False,Cuadernillo-MT.pdf,,assets/pages/expanded/math2019/p019.jpg,math2019:36
simulacro-2,Matemáticas,EXT-math2019-37-37,1,37,37,False,Cuadernillo-MT.pdf,,assets/pages/expanded/math2019/p019.jpg,math2019:37
simulacro-2,Matemáticas,EXT-math2019-38-39,2,38,39,True,Cuadernillo-MT.pdf,,assets/pages/expanded/math2019/p020.jpg | assets/pages/expanded/math2019/p021.jpg,math2019:38 | math2019:39
simulacro-2,Matemáticas,EXT-math2019-40-40,1,40,40,False,Cuadernillo-MT.pdf,,assets/pages/expanded/math2019/p021.jpg,math2019:40
simulacro-2,Matemáticas,EXT-math2019-41-41,1,41,41,False,Cuadernillo-MT.pdf,,assets/pages/expanded/math2019/p022.jpg,math2019:41
simulacro-2,Matemáticas,EXT-math2019-42-42,1,42,42,False,Cuadernillo-MT.pdf,,assets/pages/expanded/math2019/p023.jpg,math2019:42
simulacro-2,Matemáticas,EXT-math2019-43-45,3,43,45,True,Cuadernillo-MT.pdf,,assets/pages/expanded/math2019/p024.jpg | assets/pages/expanded/math2019/p025.jpg,math2019:43 | math2019:44 | math2019:45
simulacro-2,Matemáticas,EXT-math2019-48-48,1,48,48,False,Cuadernillo-MT.pdf,,assets/pages/expanded/math2019/p025.jpg,math2019:48
simulacro-1,Sociales y Ciudadanas,SOC-social2019-main-01-01,1,1,1,False,cuadernillo-de-preguntas-saber-11-sociales-y-ciudadanas-2019.pdf,,assets/pages/cuadernillo-de-preguntas-saber-11-sociales-y-ciudadanas/p005.jpg,social2019:main:01
simulacro-1,Sociales y Ciudadanas,SOC-social2019-main-02-02,1,2,2,False,cuadernillo-de-preguntas-saber-11-sociales-y-ciudadanas-2019.pdf,,assets/pages/cuadernillo-de-preguntas-saber-11-sociales-y-ciudadanas/p005.jpg,social2019:main:02
simulacro-1,Sociales y Ciudadanas,SOC-social2019-main-03-03,1,3,3,False,cuadernillo-de-preguntas-saber-11-sociales-y-ciudadanas-2019.pdf,,assets/pages/cuadernillo-de-preguntas-saber-11-sociales-y-ciudadanas/p005.jpg,social2019:main:03
simulacro-1,Sociales y Ciudadanas,SOC-social2019-main-04-04,1,4,4,False,cuadernillo-de-preguntas-saber-11-sociales-y-ciudadanas-2019.pdf,,assets/pages/cuadernillo-de-preguntas-saber-11-sociales-y-ciudadanas/p006.jpg,social2019:main:04
simulacro-1,Sociales y Ciudadanas,SOC-social2019-main-05-05,1,5,5,False,cuadernillo-de-preguntas-saber-11-sociales-y-ciudadanas-2019.pdf,,assets/pages/cuadernillo-de-preguntas-saber-11-sociales-y-ciudadanas/p006.jpg,social2019:main:05
simulacro-1,Sociales y Ciudadanas,SOC-social2019-main-06-06,1,6,6,False,cuadernillo-de-preguntas-saber-11-sociales-y-ciudadanas-2019.pdf,,assets/pages/cuadernillo-de-preguntas-saber-11-sociales-y-ciudadanas/p006.jpg,social2019:main:06
simulacro-1,Sociales y Ciudadanas,SOC-social2019-main-07-07,1,7,7,False,cuadernillo-de-preguntas-saber-11-sociales-y-ciudadanas-2019.pdf,,assets/pages/cuadernillo-de-preguntas-saber-11-sociales-y-ciudadanas/p007.jpg,social2019:main:07
simulacro-1,Sociales y Ciudadanas,SOC-social2019-main-08-08,1,8,8,False,cuadernillo-de-preguntas-saber-11-sociales-y-ciudadanas-2019.pdf,,assets/pages/cuadernillo-de-preguntas-saber-11-sociales-y-ciudadanas/p007.jpg,social2019:main:08
simulacro-1,Sociales y Ciudadanas,SOC-social2019-main-09-09,1,9,9,False,cuadernillo-de-preguntas-saber-11-sociales-y-ciudadanas-2019.pdf,,assets/pages/cuadernillo-de-preguntas-saber-11-sociales-y-ciudadanas/p007.jpg,social2019:main:09
simulacro-1,Sociales y Ciudadanas,SOC-social2019-main-10-10,1,10,10,False,cuadernillo-de-preguntas-saber-11-sociales-y-ciudadanas-2019.pdf,,assets/pages/cuadernillo-de-preguntas-saber-11-sociales-y-ciudadanas/p008.jpg,social2019:main:10
simulacro-1,Sociales y Ciudadanas,SOC-social2019-main-11-11,1,11,11,False,cuadernillo-de-preguntas-saber-11-sociales-y-ciudadanas-2019.pdf,,assets/pages/cuadernillo-de-preguntas-saber-11-sociales-y-ciudadanas/p008.jpg,social2019:main:11
simulacro-1,Sociales y Ciudadanas,SOC-social2019-main-12-12,1,12,12,False,cuadernillo-de-preguntas-saber-11-sociales-y-ciudadanas-2019.pdf,,assets/pages/cuadernillo-de-preguntas-saber-11-sociales-y-ciudadanas/p008.jpg,social2019:main:12
simulacro-1,Sociales y Ciudadanas,SOC-social2019-main-13-13,1,13,13,False,cuadernillo-de-preguntas-saber-11-sociales-y-ciudadanas-2019.pdf,,assets/pages/cuadernillo-de-preguntas-saber-11-sociales-y-ciudadanas/p009.jpg,social2019:main:13
simulacro-1,Sociales y Ciudadanas,SOC-social2019-main-15-15,1,15,15,False,cuadernillo-de-preguntas-saber-11-sociales-y-ciudadanas-2019.pdf,,assets/pages/cuadernillo-de-preguntas-saber-11-sociales-y-ciudadanas/p009.jpg,social2019:main:15
simulacro-1,Sociales y Ciudadanas,SOC-social2019-main-16-16,1,16,16,False,cuadernillo-de-preguntas-saber-11-sociales-y-ciudadanas-2019.pdf,,assets/pages/cuadernillo-de-preguntas-saber-11-sociales-y-ciudadanas/p010.jpg,social2019:main:16
simulacro-1,Sociales y Ciudadanas,SOC-social2019-main-17-17,1,17,17,False,cuadernillo-de-preguntas-saber-11-sociales-y-ciudadanas-2019.pdf,,assets/pages/cuadernillo-de-preguntas-saber-11-sociales-y-ciudadanas/p010.jpg,social2019:main:17
simulacro-1,Sociales y Ciudadanas,SOC-social2019-main-18-18,1,18,18,False,cuadernillo-de-preguntas-saber-11-sociales-y-ciudadanas-2019.pdf,,assets/pages/cuadernillo-de-preguntas-saber-11-sociales-y-ciudadanas/p010.jpg,social2019:main:18
simulacro-1,Sociales y Ciudadanas,SOC-social2019-main-19-19,1,19,19,False,cuadernillo-de-preguntas-saber-11-sociales-y-ciudadanas-2019.pdf,,assets/pages/cuadernillo-de-preguntas-saber-11-sociales-y-ciudadanas/p011.jpg,social2019:main:19
simulacro-1,Sociales y Ciudadanas,SOC-social2019-main-20-20,1,20,20,False,cuadernillo-de-preguntas-saber-11-sociales-y-ciudadanas-2019.pdf,,assets/pages/cuadernillo-de-preguntas-saber-11-sociales-y-ciudadanas/p011.jpg,social2019:main:20
simulacro-1,Sociales y Ciudadanas,SOC-social2019-main-21-21,1,21,21,False,cuadernillo-de-preguntas-saber-11-sociales-y-ciudadanas-2019.pdf,,assets/pages/cuadernillo-de-preguntas-saber-11-sociales-y-ciudadanas/p011.jpg,social2019:main:21
simulacro-1,Sociales y Ciudadanas,SOC-social2019-main-22-22,1,22,22,False,cuadernillo-de-preguntas-saber-11-sociales-y-ciudadanas-2019.pdf,,assets/pages/cuadernillo-de-preguntas-saber-11-sociales-y-ciudadanas/p012.jpg,social2019:main:22
simulacro-1,Sociales y Ciudadanas,SOC-social2019-main-23-23,1,23,23,False,cuadernillo-de-preguntas-saber-11-sociales-y-ciudadanas-2019.pdf,,assets/pages/cuadernillo-de-preguntas-saber-11-sociales-y-ciudadanas/p012.jpg,social2019:main:23
simulacro-1,Sociales y Ciudadanas,SOC-social2019-main-24-24,1,24,24,False,cuadernillo-de-preguntas-saber-11-sociales-y-ciudadanas-2019.pdf,,assets/pages/cuadernillo-de-preguntas-saber-11-sociales-y-ciudadanas/p012.jpg,social2019:main:24
simulacro-1,Sociales y Ciudadanas,SOC-social2019-main-25-25,1,25,25,False,cuadernillo-de-preguntas-saber-11-sociales-y-ciudadanas-2019.pdf,,assets/pages/cuadernillo-de-preguntas-saber-11-sociales-y-ciudadanas/p013.jpg,social2019:main:25
simulacro-1,Sociales y Ciudadanas,SOC-social2019-main-26-26,1,26,26,False,cuadernillo-de-preguntas-saber-11-sociales-y-ciudadanas-2019.pdf,,assets/pages/cuadernillo-de-preguntas-saber-11-sociales-y-ciudadanas/p013.jpg,social2019:main:26
simulacro-1,Sociales y Ciudadanas,SOC-social2019-main-27-27,1,27,27,False,cuadernillo-de-preguntas-saber-11-sociales-y-ciudadanas-2019.pdf,,assets/pages/cuadernillo-de-preguntas-saber-11-sociales-y-ciudadanas/p013.jpg,social2019:main:27
simulacro-1,Sociales y Ciudadanas,SOC-social2019-main-28-28,1,28,28,False,cuadernillo-de-preguntas-saber-11-sociales-y-ciudadanas-2019.pdf,,assets/pages/cuadernillo-de-preguntas-saber-11-sociales-y-ciudadanas/p013.jpg,social2019:main:28
simulacro-1,Sociales y Ciudadanas,SOC-social2019-main-29-29,1,29,29,False,cuadernillo-de-preguntas-saber-11-sociales-y-ciudadanas-2019.pdf,,assets/pages/cuadernillo-de-preguntas-saber-11-sociales-y-ciudadanas/p014.jpg,social2019:main:29
simulacro-1,Sociales y Ciudadanas,SOC-social2019-main-30-30,1,30,30,False,cuadernillo-de-preguntas-saber-11-sociales-y-ciudadanas-2019.pdf,,assets/pages/cuadernillo-de-preguntas-saber-11-sociales-y-ciudadanas/p014.jpg,social2019:main:30
simulacro-1,Sociales y Ciudadanas,SOC-social2019-main-31-31,1,31,31,False,cuadernillo-de-preguntas-saber-11-sociales-y-ciudadanas-2019.pdf,,assets/pages/cuadernillo-de-preguntas-saber-11-sociales-y-ciudadanas/p014.jpg,social2019:main:31
simulacro-1,Sociales y Ciudadanas,SOC-social2019-main-32-32,1,32,32,False,cuadernillo-de-preguntas-saber-11-sociales-y-ciudadanas-2019.pdf,,assets/pages/cuadernillo-de-preguntas-saber-11-sociales-y-ciudadanas/p015.jpg,social2019:main:32
simulacro-1,Sociales y Ciudadanas,SOC-social2019-main-33-33,1,33,33,False,cuadernillo-de-preguntas-saber-11-sociales-y-ciudadanas-2019.pdf,,assets/pages/cuadernillo-de-preguntas-saber-11-sociales-y-ciudadanas/p015.jpg,social2019:main:33
simulacro-1,Sociales y Ciudadanas,SOC-social2019-main-34-34,1,34,34,False,cuadernillo-de-preguntas-saber-11-sociales-y-ciudadanas-2019.pdf,,assets/pages/cuadernillo-de-preguntas-saber-11-sociales-y-ciudadanas/p015.jpg,social2019:main:34
simulacro-1,Sociales y Ciudadanas,SOC-social2019-main-35-35,1,35,35,False,cuadernillo-de-preguntas-saber-11-sociales-y-ciudadanas-2019.pdf,,assets/pages/cuadernillo-de-preguntas-saber-11-sociales-y-ciudadanas/p015.jpg,social2019:main:35
simulacro-1,Sociales y Ciudadanas,SOC-social2019-main-36-36,1,36,36,False,cuadernillo-de-preguntas-saber-11-sociales-y-ciudadanas-2019.pdf,,assets/pages/cuadernillo-de-preguntas-saber-11-sociales-y-ciudadanas/p016.jpg,social2019:main:36
simulacro-1,Sociales y Ciudadanas,SOC-social2019-main-37-37,1,37,37,False,cuadernillo-de-preguntas-saber-11-sociales-y-ciudadanas-2019.pdf,,assets/pages/cuadernillo-de-preguntas-saber-11-sociales-y-ciudadanas/p016.jpg,social2019:main:37
simulacro-1,Sociales y Ciudadanas,SOC-social2019-main-38-38,1,38,38,False,cuadernillo-de-preguntas-saber-11-sociales-y-ciudadanas-2019.pdf,,assets/pages/cuadernillo-de-preguntas-saber-11-sociales-y-ciudadanas/p016.jpg,social2019:main:38
simulacro-1,Sociales y Ciudadanas,SOC-social2019-main-39-39,1,39,39,False,cuadernillo-de-preguntas-saber-11-sociales-y-ciudadanas-2019.pdf,,assets/pages/cuadernillo-de-preguntas-saber-11-sociales-y-ciudadanas/p016.jpg,social2019:main:39
simulacro-1,Sociales y Ciudadanas,SOC-social2019-main-40-40,1,40,40,False,cuadernillo-de-preguntas-saber-11-sociales-y-ciudadanas-2019.pdf,,assets/pages/cuadernillo-de-preguntas-saber-11-sociales-y-ciudadanas/p017.jpg,social2019:main:40
simulacro-1,Sociales y Ciudadanas,SOC-social2019-main-41-41,1,41,41,False,cuadernillo-de-preguntas-saber-11-sociales-y-ciudadanas-2019.pdf,,assets/pages/cuadernillo-de-preguntas-saber-11-sociales-y-ciudadanas/p017.jpg,social2019:main:41
simulacro-1,Sociales y Ciudadanas,SOC-social2019-main-42-42,1,42,42,False,cuadernillo-de-preguntas-saber-11-sociales-y-ciudadanas-2019.pdf,,assets/pages/cuadernillo-de-preguntas-saber-11-sociales-y-ciudadanas/p017.jpg,social2019:main:42
simulacro-1,Sociales y Ciudadanas,SOC-social2019-main-43-43,1,43,43,False,cuadernillo-de-preguntas-saber-11-sociales-y-ciudadanas-2019.pdf,,assets/pages/cuadernillo-de-preguntas-saber-11-sociales-y-ciudadanas/p018.jpg,social2019:main:43
simulacro-1,Sociales y Ciudadanas,SOC-social2019-main-44-44,1,44,44,False,cuadernillo-de-preguntas-saber-11-sociales-y-ciudadanas-2019.pdf,,assets/pages/cuadernillo-de-preguntas-saber-11-sociales-y-ciudadanas/p018.jpg,social2019:main:44
simulacro-1,Sociales y Ciudadanas,SOC-social2019-main-45-45,1,45,45,False,cuadernillo-de-preguntas-saber-11-sociales-y-ciudadanas-2019.pdf,,assets/pages/cuadernillo-de-preguntas-saber-11-sociales-y-ciudadanas/p018.jpg,social2019:main:45
simulacro-1,Sociales y Ciudadanas,SOC-social2019-main-46-46,1,46,46,False,cuadernillo-de-preguntas-saber-11-sociales-y-ciudadanas-2019.pdf,,assets/pages/cuadernillo-de-preguntas-saber-11-sociales-y-ciudadanas/p018.jpg,social2019:main:46
simulacro-1,Sociales y Ciudadanas,SOC-social2019-main-47-47,1,47,47,False,cuadernillo-de-preguntas-saber-11-sociales-y-ciudadanas-2019.pdf,,assets/pages/cuadernillo-de-preguntas-saber-11-sociales-y-ciudadanas/p019.jpg,social2019:main:47
simulacro-1,Sociales y Ciudadanas,SOC-social2019-main-48-48,1,48,48,False,cuadernillo-de-preguntas-saber-11-sociales-y-ciudadanas-2019.pdf,,assets/pages/cuadernillo-de-preguntas-saber-11-sociales-y-ciudadanas/p019.jpg,social2019:main:48
simulacro-1,Sociales y Ciudadanas,SOC-social2019-main-49-49,1,49,49,False,cuadernillo-de-preguntas-saber-11-sociales-y-ciudadanas-2019.pdf,,assets/pages/cuadernillo-de-preguntas-saber-11-sociales-y-ciudadanas/p019.jpg,social2019:main:49
simulacro-1,Sociales y Ciudadanas,SOC-social2022-main-01-01,1,1,1,False,Cuadernillo-SocialesyCiudadanas-11-2022.pdf,,assets/pages/cuadernillo-socialesyciudadanas-11-2022/p002.jpg,social2022:main:01
simulacro-1,Sociales y Ciudadanas,EXT-social2021-01-01,1,1,1,False,06_PRACTICA_SOCIALES.pdf,,assets/pages/expanded/social2021/p005.jpg,social2021:01
simulacro-2,Sociales y Ciudadanas,EXT-social2021-02-02,1,2,2,False,06_PRACTICA_SOCIALES.pdf,,assets/pages/expanded/social2021/p005.jpg,social2021:02
simulacro-2,Sociales y Ciudadanas,EXT-social2021-03-03,1,3,3,False,06_PRACTICA_SOCIALES.pdf,,assets/pages/expanded/social2021/p006.jpg,social2021:03
simulacro-2,Sociales y Ciudadanas,EXT-social2021-04-04,1,4,4,False,06_PRACTICA_SOCIALES.pdf,,assets/pages/expanded/social2021/p006.jpg,social2021:04
simulacro-2,Sociales y Ciudadanas,EXT-social2021-05-05,1,5,5,False,06_PRACTICA_SOCIALES.pdf,,assets/pages/expanded/social2021/p007.jpg,social2021:05
simulacro-2,Sociales y Ciudadanas,EXT-social2021-06-06,1,6,6,False,06_PRACTICA_SOCIALES.pdf,,assets/pages/expanded/social2021/p007.jpg,social2021:06
simulacro-2,Sociales y Ciudadanas,EXT-social2021-07-07,1,7,7,False,06_PRACTICA_SOCIALES.pdf,,assets/pages/expanded/social2021/p008.jpg,social2021:07
simulacro-2,Sociales y Ciudadanas,EXT-social2021-08-08,1,8,8,False,06_PRACTICA_SOCIALES.pdf,,assets/pages/expanded/social2021/p008.jpg,social2021:08
simulacro-2,Sociales y Ciudadanas,EXT-social2021-09-09,1,9,9,False,06_PRACTICA_SOCIALES.pdf,,assets/pages/expanded/social2021/p009.jpg,social2021:09
simulacro-2,Sociales y Ciudadanas,EXT-social2021-10-10,1,10,10,False,06_PRACTICA_SOCIALES.pdf,,assets/pages/expanded/social2021/p009.jpg,social2021:10
simulacro-2,Sociales y Ciudadanas,EXT-social2021-11-11,1,11,11,False,06_PRACTICA_SOCIALES.pdf,,assets/pages/expanded/social2021/p010.jpg,social2021:11
simulacro-2,Sociales y Ciudadanas,EXT-social2021-12-12,1,12,12,False,06_PRACTICA_SOCIALES.pdf,,assets/pages/expanded/social2021/p010.jpg,social2021:12
simulacro-2,Sociales y Ciudadanas,EXT-social2021-13-13,1,13,13,False,06_PRACTICA_SOCIALES.pdf,,assets/pages/expanded/social2021/p011.jpg,social2021:13
simulacro-2,Sociales y Ciudadanas,EXT-social2021-14-14,1,14,14,False,06_PRACTICA_SOCIALES.pdf,,assets/pages/expanded/social2021/p011.jpg,social2021:14
simulacro-2,Sociales y Ciudadanas,EXT-social2021-16-16,1,16,16,False,06_PRACTICA_SOCIALES.pdf,,assets/pages/expanded/social2021/p012.jpg,social2021:16
simulacro-2,Sociales y Ciudadanas,EXT-social2021-17-17,1,17,17,False,06_PRACTICA_SOCIALES.pdf,,assets/pages/expanded/social2021/p013.jpg,social2021:17
simulacro-2,Sociales y Ciudadanas,EXT-social2021-18-18,1,18,18,False,06_PRACTICA_SOCIALES.pdf,,assets/pages/expanded/social2021/p013.jpg,social2021:18
simulacro-2,Sociales y Ciudadanas,EXT-social2021-19-19,1,19,19,False,06_PRACTICA_SOCIALES.pdf,,assets/pages/expanded/social2021/p014.jpg,social2021:19
simulacro-2,Sociales y Ciudadanas,EXT-social2021-20-20,1,20,20,False,06_PRACTICA_SOCIALES.pdf,,assets/pages/expanded/social2021/p014.jpg,social2021:20
simulacro-2,Sociales y Ciudadanas,EXT-social2021-21-21,1,21,21,False,06_PRACTICA_SOCIALES.pdf,,assets/pages/expanded/social2021/p015.jpg,social2021:21
simulacro-2,Sociales y Ciudadanas,EXT-social2021-22-22,1,22,22,False,06_PRACTICA_SOCIALES.pdf,,assets/pages/expanded/social2021/p015.jpg,social2021:22
simulacro-2,Sociales y Ciudadanas,EXT-social2021-23-23,1,23,23,False,06_PRACTICA_SOCIALES.pdf,,assets/pages/expanded/social2021/p016.jpg,social2021:23
simulacro-2,Sociales y Ciudadanas,EXT-social2021-24-24,1,24,24,False,06_PRACTICA_SOCIALES.pdf,,assets/pages/expanded/social2021/p016.jpg,social2021:24
simulacro-2,Sociales y Ciudadanas,EXT-social2021-25-25,1,25,25,False,06_PRACTICA_SOCIALES.pdf,,assets/pages/expanded/social2021/p017.jpg,social2021:25
simulacro-2,Sociales y Ciudadanas,EXT-social2021-26-26,1,26,26,False,06_PRACTICA_SOCIALES.pdf,,assets/pages/expanded/social2021/p017.jpg,social2021:26
simulacro-2,Sociales y Ciudadanas,EXT-social2021-27-27,1,27,27,False,06_PRACTICA_SOCIALES.pdf,,assets/pages/expanded/social2021/p017.jpg,social2021:27
simulacro-2,Sociales y Ciudadanas,EXT-social2021-28-28,1,28,28,False,06_PRACTICA_SOCIALES.pdf,,assets/pages/expanded/social2021/p018.jpg,social2021:28
simulacro-2,Sociales y Ciudadanas,EXT-social2021-29-29,1,29,29,False,06_PRACTICA_SOCIALES.pdf,,assets/pages/expanded/social2021/p018.jpg,social2021:29
simulacro-2,Sociales y Ciudadanas,EXT-social2021-30-30,1,30,30,False,06_PRACTICA_SOCIALES.pdf,,assets/pages/expanded/social2021/p019.jpg,social2021:30
simulacro-2,Sociales y Ciudadanas,EXT-social2021-31-31,1,31,31,False,06_PRACTICA_SOCIALES.pdf,,assets/pages/expanded/social2021/p019.jpg,social2021:31
simulacro-2,Sociales y Ciudadanas,EXT-social2021-32-32,1,32,32,False,06_PRACTICA_SOCIALES.pdf,,assets/pages/expanded/social2021/p020.jpg,social2021:32
simulacro-2,Sociales y Ciudadanas,EXT-social2021-33-33,1,33,33,False,06_PRACTICA_SOCIALES.pdf,,assets/pages/expanded/social2021/p020.jpg,social2021:33
simulacro-2,Sociales y Ciudadanas,EXT-social2021-34-34,1,34,34,False,06_PRACTICA_SOCIALES.pdf,,assets/pages/expanded/social2021/p020.jpg,social2021:34
simulacro-2,Sociales y Ciudadanas,EXT-social2021-35-35,1,35,35,False,06_PRACTICA_SOCIALES.pdf,,assets/pages/expanded/social2021/p021.jpg,social2021:35
simulacro-2,Sociales y Ciudadanas,EXT-social2021-36-36,1,36,36,False,06_PRACTICA_SOCIALES.pdf,,assets/pages/expanded/social2021/p021.jpg,social2021:36
simulacro-2,Sociales y Ciudadanas,EXT-social2021-37-37,1,37,37,False,06_PRACTICA_SOCIALES.pdf,,assets/pages/expanded/social2021/p022.jpg,social2021:37
simulacro-2,Sociales y Ciudadanas,EXT-social2021-38-38,1,38,38,False,06_PRACTICA_SOCIALES.pdf,,assets/pages/expanded/social2021/p022.jpg,social2021:38
simulacro-2,Sociales y Ciudadanas,EXT-social2021-39-39,1,39,39,False,06_PRACTICA_SOCIALES.pdf,,assets/pages/expanded/social2021/p023.jpg,social2021:39
simulacro-2,Sociales y Ciudadanas,EXT-social2021-40-40,1,40,40,False,06_PRACTICA_SOCIALES.pdf,,assets/pages/expanded/social2021/p023.jpg,social2021:40
simulacro-2,Sociales y Ciudadanas,EXT-social2021-41-41,1,41,41,False,06_PRACTICA_SOCIALES.pdf,,assets/pages/expanded/social2021/p024.jpg,social2021:41
simulacro-2,Sociales y Ciudadanas,EXT-social2021-42-42,1,42,42,False,06_PRACTICA_SOCIALES.pdf,,assets/pages/expanded/social2021/p024.jpg,social2021:42
simulacro-2,Sociales y Ciudadanas,EXT-social2021-43-43,1,43,43,False,06_PRACTICA_SOCIALES.pdf,,assets/pages/expanded/social2021/p025.jpg,social2021:43
simulacro-2,Sociales y Ciudadanas,EXT-social2021-44-44,1,44,44,False,06_PRACTICA_SOCIALES.pdf,,assets/pages/expanded/social2021/p025.jpg,social2021:44
simulacro-2,Sociales y Ciudadanas,EXT-social2021-45-45,1,45,45,False,06_PRACTICA_SOCIALES.pdf,,assets/pages/expanded/social2021/p026.jpg,social2021:45
simulacro-2,Sociales y Ciudadanas,EXT-social2021-46-46,1,46,46,False,06_PRACTICA_SOCIALES.pdf,,assets/pages/expanded/social2021/p026.jpg,social2021:46
simulacro-2,Sociales y Ciudadanas,EXT-social2021-48-48,1,48,48,False,06_PRACTICA_SOCIALES.pdf,,assets/pages/expanded/social2021/p027.jpg,social2021:48
simulacro-2,Sociales y Ciudadanas,SOC-2020-MANUAL-01,1,1,1,False,Cuadernillo-SocialesyCiudadanas-11-1.pdf,Cuadernillo 1 · 2020,assets/additional/sociales_2020_q1.jpg,social2020:manual:01
simulacro-2,Sociales y Ciudadanas,SOC-2020-MANUAL-02,1,2,2,False,Cuadernillo-SocialesyCiudadanas-11-1.pdf,Cuadernillo 1 · 2020,assets/additional/sociales_2020_q2.jpg,social2020:manual:02
simulacro-2,Sociales y Ciudadanas,SOC-social2020-manual-04,1,4,4,False,Cuadernillo-SocialesyCiudadanas-11-1.pdf,Cuadernillo 1 · 2020,assets/pages/social2020/p-2.jpg,social2020:manual:04
simulacro-2,Sociales y Ciudadanas,SOC-social2020-manual-08,1,8,8,False,Cuadernillo-SocialesyCiudadanas-11-1.pdf,Cuadernillo 1 · 2020,assets/pages/social2020/p-4.jpg,social2020:manual:08
simulacro-2,Sociales y Ciudadanas,SOC-social2020-manual-09,1,9,9,False,Cuadernillo-SocialesyCiudadanas-11-1.pdf,Cuadernillo 1 · 2020,assets/pages/social2020/p-4.jpg,social2020:manual:09
simulacro-1,Ciencias Naturales,CIE-science2019-main-09-09,1,9,9,False,cuadernillo-de-preguntas-saber-11-ciencias-naturales-2019.pdf,,assets/pages/cuadernillo-de-preguntas-saber-11-ciencias-naturales-20/p009.jpg,science2019:main:09
simulacro-1,Ciencias Naturales,CIE-science2019-main-10-10,1,10,10,False,cuadernillo-de-preguntas-saber-11-ciencias-naturales-2019.pdf,,assets/pages/cuadernillo-de-preguntas-saber-11-ciencias-naturales-20/p009.jpg,science2019:main:10
simulacro-1,Ciencias Naturales,CIE-science2019-main-12-12,1,12,12,False,cuadernillo-de-preguntas-saber-11-ciencias-naturales-2019.pdf,,assets/pages/cuadernillo-de-preguntas-saber-11-ciencias-naturales-20/p010.jpg,science2019:main:12
simulacro-1,Ciencias Naturales,CIE-science2019-main-17-17,1,17,17,False,cuadernillo-de-preguntas-saber-11-ciencias-naturales-2019.pdf,,assets/pages/cuadernillo-de-preguntas-saber-11-ciencias-naturales-20/p012.jpg,science2019:main:17
simulacro-1,Ciencias Naturales,CIE-science2019-main-23-23,1,23,23,False,cuadernillo-de-preguntas-saber-11-ciencias-naturales-2019.pdf,,assets/pages/cuadernillo-de-preguntas-saber-11-ciencias-naturales-20/p015.jpg,science2019:main:23
simulacro-1,Ciencias Naturales,CIE-science2019-main-38-38,1,38,38,False,cuadernillo-de-preguntas-saber-11-ciencias-naturales-2019.pdf,,assets/pages/cuadernillo-de-preguntas-saber-11-ciencias-naturales-20/p022.jpg,science2019:main:38
simulacro-1,Ciencias Naturales,CIE-science2019-main-44-44,1,44,44,False,cuadernillo-de-preguntas-saber-11-ciencias-naturales-2019.pdf,,assets/pages/cuadernillo-de-preguntas-saber-11-ciencias-naturales-20/p025.jpg,science2019:main:44
simulacro-1,Ciencias Naturales,CIE-science2026-main-02-02,1,2,2,False,24-feb-cuadernillo-preguntas-ciencias-naturales-saber-11-2026.pdf,,assets/pages/24-feb-cuadernillo-preguntas-ciencias-naturales-saber-1/p006.jpg,science2026:main:02
simulacro-1,Ciencias Naturales,CIE-science2026-main-03-03,1,3,3,False,24-feb-cuadernillo-preguntas-ciencias-naturales-saber-11-2026.pdf,,assets/pages/24-feb-cuadernillo-preguntas-ciencias-naturales-saber-1/p007.jpg,science2026:main:03
simulacro-1,Ciencias Naturales,CIE-science2026-main-04-04,1,4,4,False,24-feb-cuadernillo-preguntas-ciencias-naturales-saber-11-2026.pdf,,assets/pages/24-feb-cuadernillo-preguntas-ciencias-naturales-saber-1/p007.jpg,science2026:main:04
simulacro-1,Ciencias Naturales,CIE-science2026-main-05-05,1,5,5,False,24-feb-cuadernillo-preguntas-ciencias-naturales-saber-11-2026.pdf,,assets/pages/24-feb-cuadernillo-preguntas-ciencias-naturales-saber-1/p008.jpg,science2026:main:05
simulacro-1,Ciencias Naturales,CIE-science2026-main-07-07,1,7,7,False,24-feb-cuadernillo-preguntas-ciencias-naturales-saber-11-2026.pdf,,assets/pages/24-feb-cuadernillo-preguntas-ciencias-naturales-saber-1/p009.jpg,science2026:main:07
simulacro-1,Ciencias Naturales,CIE-science2026-main-08-08,1,8,8,False,24-feb-cuadernillo-preguntas-ciencias-naturales-saber-11-2026.pdf,,assets/pages/24-feb-cuadernillo-preguntas-ciencias-naturales-saber-1/p010.jpg,science2026:main:08
simulacro-1,Ciencias Naturales,CIE-science2026-main-09-09,1,9,9,False,24-feb-cuadernillo-preguntas-ciencias-naturales-saber-11-2026.pdf,,assets/pages/24-feb-cuadernillo-preguntas-ciencias-naturales-saber-1/p010.jpg,science2026:main:09
simulacro-1,Ciencias Naturales,CIE-science2026-main-10-12,3,10,12,True,24-feb-cuadernillo-preguntas-ciencias-naturales-saber-11-2026.pdf,,assets/pages/24-feb-cuadernillo-preguntas-ciencias-naturales-saber-1/p011.jpg | assets/pages/24-feb-cuadernillo-preguntas-ciencias-naturales-saber-1/p012.jpg,science2026:main:10 | science2026:main:11 | science2026:main:12
simulacro-1,Ciencias Naturales,CIE-science2026-main-13-13,1,13,13,False,24-feb-cuadernillo-preguntas-ciencias-naturales-saber-11-2026.pdf,,assets/pages/24-feb-cuadernillo-preguntas-ciencias-naturales-saber-1/p013.jpg,science2026:main:13
simulacro-1,Ciencias Naturales,CIE-science2026-main-15-15,1,15,15,False,24-feb-cuadernillo-preguntas-ciencias-naturales-saber-11-2026.pdf,,assets/pages/24-feb-cuadernillo-preguntas-ciencias-naturales-saber-1/p014.jpg,science2026:main:15
simulacro-1,Ciencias Naturales,CIE-science2026-main-16-16,1,16,16,False,24-feb-cuadernillo-preguntas-ciencias-naturales-saber-11-2026.pdf,,assets/pages/24-feb-cuadernillo-preguntas-ciencias-naturales-saber-1/p014.jpg,science2026:main:16
simulacro-1,Ciencias Naturales,CIE-science2026-main-17-17,1,17,17,False,24-feb-cuadernillo-preguntas-ciencias-naturales-saber-11-2026.pdf,,assets/pages/24-feb-cuadernillo-preguntas-ciencias-naturales-saber-1/p015.jpg,science2026:main:17
simulacro-1,Ciencias Naturales,CIE-science2026-main-18-18,1,18,18,False,24-feb-cuadernillo-preguntas-ciencias-naturales-saber-11-2026.pdf,,assets/pages/24-feb-cuadernillo-preguntas-ciencias-naturales-saber-1/p015.jpg,science2026:main:18
simulacro-1,Ciencias Naturales,CIE-science2026-main-19-19,1,19,19,False,24-feb-cuadernillo-preguntas-ciencias-naturales-saber-11-2026.pdf,,assets/pages/24-feb-cuadernillo-preguntas-ciencias-naturales-saber-1/p016.jpg,science2026:main:19
simulacro-1,Ciencias Naturales,CIE-science2026-main-20-20,1,20,20,False,24-feb-cuadernillo-preguntas-ciencias-naturales-saber-11-2026.pdf,,assets/pages/24-feb-cuadernillo-preguntas-ciencias-naturales-saber-1/p017.jpg,science2026:main:20
simulacro-1,Ciencias Naturales,CIE-science2026-main-21-21,1,21,21,False,24-feb-cuadernillo-preguntas-ciencias-naturales-saber-11-2026.pdf,,assets/pages/24-feb-cuadernillo-preguntas-ciencias-naturales-saber-1/p018.jpg,science2026:main:21
simulacro-1,Ciencias Naturales,CIE-science2026-main-22-22,1,22,22,False,24-feb-cuadernillo-preguntas-ciencias-naturales-saber-11-2026.pdf,,assets/pages/24-feb-cuadernillo-preguntas-ciencias-naturales-saber-1/p018.jpg,science2026:main:22
simulacro-1,Ciencias Naturales,CIE-science2026-main-23-23,1,23,23,False,24-feb-cuadernillo-preguntas-ciencias-naturales-saber-11-2026.pdf,,assets/pages/24-feb-cuadernillo-preguntas-ciencias-naturales-saber-1/p019.jpg,science2026:main:23
simulacro-1,Ciencias Naturales,CIE-science2026-main-25-25,1,25,25,False,24-feb-cuadernillo-preguntas-ciencias-naturales-saber-11-2026.pdf,,assets/pages/24-feb-cuadernillo-preguntas-ciencias-naturales-saber-1/p020.jpg,science2026:main:25
simulacro-1,Ciencias Naturales,CIE-science2026-main-26-26,1,26,26,False,24-feb-cuadernillo-preguntas-ciencias-naturales-saber-11-2026.pdf,,assets/pages/24-feb-cuadernillo-preguntas-ciencias-naturales-saber-1/p020.jpg,science2026:main:26
simulacro-1,Ciencias Naturales,CIE-science2026-main-28-28,1,28,28,False,24-feb-cuadernillo-preguntas-ciencias-naturales-saber-11-2026.pdf,,assets/pages/24-feb-cuadernillo-preguntas-ciencias-naturales-saber-1/p021.jpg,science2026:main:28
simulacro-1,Ciencias Naturales,CIE-science2026-main-30-30,1,30,30,False,24-feb-cuadernillo-preguntas-ciencias-naturales-saber-11-2026.pdf,,assets/pages/24-feb-cuadernillo-preguntas-ciencias-naturales-saber-1/p022.jpg,science2026:main:30
simulacro-1,Ciencias Naturales,CIE-science2026-main-31-31,1,31,31,False,24-feb-cuadernillo-preguntas-ciencias-naturales-saber-11-2026.pdf,,assets/pages/24-feb-cuadernillo-preguntas-ciencias-naturales-saber-1/p023.jpg,science2026:main:31
simulacro-1,Ciencias Naturales,CIE-science2026-main-33-33,1,33,33,False,24-feb-cuadernillo-preguntas-ciencias-naturales-saber-11-2026.pdf,,assets/pages/24-feb-cuadernillo-preguntas-ciencias-naturales-saber-1/p024.jpg,science2026:main:33
simulacro-1,Ciencias Naturales,CIE-science2026-main-34-34,1,34,34,False,24-feb-cuadernillo-preguntas-ciencias-naturales-saber-11-2026.pdf,,assets/pages/24-feb-cuadernillo-preguntas-ciencias-naturales-saber-1/p024.jpg,science2026:main:34
simulacro-1,Ciencias Naturales,CIE-science2026-main-35-35,1,35,35,False,24-feb-cuadernillo-preguntas-ciencias-naturales-saber-11-2026.pdf,,assets/pages/24-feb-cuadernillo-preguntas-ciencias-naturales-saber-1/p025.jpg,science2026:main:35
simulacro-1,Ciencias Naturales,CIE-science2026-main-36-36,1,36,36,False,24-feb-cuadernillo-preguntas-ciencias-naturales-saber-11-2026.pdf,,assets/pages/24-feb-cuadernillo-preguntas-ciencias-naturales-saber-1/p025.jpg,science2026:main:36
simulacro-1,Ciencias Naturales,CIE-science2026-main-38-38,1,38,38,False,24-feb-cuadernillo-preguntas-ciencias-naturales-saber-11-2026.pdf,,assets/pages/24-feb-cuadernillo-preguntas-ciencias-naturales-saber-1/p026.jpg,science2026:main:38
simulacro-1,Ciencias Naturales,CIE-science2026-main-40-40,1,40,40,False,24-feb-cuadernillo-preguntas-ciencias-naturales-saber-11-2026.pdf,,assets/pages/24-feb-cuadernillo-preguntas-ciencias-naturales-saber-1/p027.jpg,science2026:main:40
simulacro-1,Ciencias Naturales,CIE-science2026-main-41-41,1,41,41,False,24-feb-cuadernillo-preguntas-ciencias-naturales-saber-11-2026.pdf,,assets/pages/24-feb-cuadernillo-preguntas-ciencias-naturales-saber-1/p028.jpg,science2026:main:41
simulacro-1,Ciencias Naturales,CIE-science2026-main-45-45,1,45,45,False,24-feb-cuadernillo-preguntas-ciencias-naturales-saber-11-2026.pdf,,assets/pages/24-feb-cuadernillo-preguntas-ciencias-naturales-saber-1/p031.jpg,science2026:main:45
simulacro-1,Ciencias Naturales,CIE-science2026-main-46-46,1,46,46,False,24-feb-cuadernillo-preguntas-ciencias-naturales-saber-11-2026.pdf,,assets/pages/24-feb-cuadernillo-preguntas-ciencias-naturales-saber-1/p031.jpg,science2026:main:46
simulacro-1,Ciencias Naturales,CIE-science2026-main-49-49,1,49,49,False,24-feb-cuadernillo-preguntas-ciencias-naturales-saber-11-2026.pdf,,assets/pages/24-feb-cuadernillo-preguntas-ciencias-naturales-saber-1/p034.jpg,science2026:main:49
simulacro-1,Ciencias Naturales,CIE-science2026-main-50-50,1,50,50,False,24-feb-cuadernillo-preguntas-ciencias-naturales-saber-11-2026.pdf,,assets/pages/24-feb-cuadernillo-preguntas-ciencias-naturales-saber-1/p035.jpg,science2026:main:50
simulacro-1,Ciencias Naturales,EXT-eva2023-science1-01-03,3,1,3,True,Guia-PC-CienciasNaturales-11-1.pdf,Evaluar para Avanzar 2023 - Cuadernillo 1,assets/pages/expanded/eva2023-science1/eva2023-science1-01-03-01.jpg,eva2023-science1:01 | eva2023-science1:02 | eva2023-science1:03
simulacro-1,Ciencias Naturales,EXT-eva2023-science1-04-04,1,4,4,False,Guia-PC-CienciasNaturales-11-1.pdf,Evaluar para Avanzar 2023 - Cuadernillo 1,assets/pages/expanded/eva2023-science1/eva2023-science1-04-04-01.jpg,eva2023-science1:04
simulacro-1,Ciencias Naturales,EXT-eva2023-science1-05-05,1,5,5,False,Guia-PC-CienciasNaturales-11-1.pdf,Evaluar para Avanzar 2023 - Cuadernillo 1,assets/pages/expanded/eva2023-science1/eva2023-science1-05-05-01.jpg,eva2023-science1:05
simulacro-1,Ciencias Naturales,EXT-eva2023-science1-06-06,1,6,6,False,Guia-PC-CienciasNaturales-11-1.pdf,Evaluar para Avanzar 2023 - Cuadernillo 1,assets/pages/expanded/eva2023-science1/eva2023-science1-06-06-01.jpg,eva2023-science1:06
simulacro-1,Ciencias Naturales,EXT-eva2023-science1-07-07,1,7,7,False,Guia-PC-CienciasNaturales-11-1.pdf,Evaluar para Avanzar 2023 - Cuadernillo 1,assets/pages/expanded/eva2023-science1/eva2023-science1-07-07-01.jpg,eva2023-science1:07
simulacro-1,Ciencias Naturales,EXT-eva2023-science1-08-08,1,8,8,False,Guia-PC-CienciasNaturales-11-1.pdf,Evaluar para Avanzar 2023 - Cuadernillo 1,assets/pages/expanded/eva2023-science1/eva2023-science1-08-08-01.jpg,eva2023-science1:08
simulacro-1,Ciencias Naturales,EXT-eva2023-science1-09-09,1,9,9,False,Guia-PC-CienciasNaturales-11-1.pdf,Evaluar para Avanzar 2023 - Cuadernillo 1,assets/pages/expanded/eva2023-science1/eva2023-science1-09-09-01.jpg,eva2023-science1:09
simulacro-1,Ciencias Naturales,EXT-eva2023-science1-10-10,1,10,10,False,Guia-PC-CienciasNaturales-11-1.pdf,Evaluar para Avanzar 2023 - Cuadernillo 1,assets/pages/expanded/eva2023-science1/eva2023-science1-10-10-01.jpg,eva2023-science1:10
simulacro-1,Ciencias Naturales,EXT-eva2023-science1-11-11,1,11,11,False,Guia-PC-CienciasNaturales-11-1.pdf,Evaluar para Avanzar 2023 - Cuadernillo 1,assets/pages/expanded/eva2023-science1/eva2023-science1-11-11-01.jpg,eva2023-science1:11
simulacro-1,Ciencias Naturales,EXT-eva2023-science1-12-12,1,12,12,False,Guia-PC-CienciasNaturales-11-1.pdf,Evaluar para Avanzar 2023 - Cuadernillo 1,assets/pages/expanded/eva2023-science1/eva2023-science1-12-12-01.jpg,eva2023-science1:12
simulacro-1,Ciencias Naturales,EXT-eva2023-science1-13-13,1,13,13,False,Guia-PC-CienciasNaturales-11-1.pdf,Evaluar para Avanzar 2023 - Cuadernillo 1,assets/pages/expanded/eva2023-science1/eva2023-science1-13-13-01.jpg,eva2023-science1:13
simulacro-1,Ciencias Naturales,EXT-eva2023-science1-14-14,1,14,14,False,Guia-PC-CienciasNaturales-11-1.pdf,Evaluar para Avanzar 2023 - Cuadernillo 1,assets/pages/expanded/eva2023-science1/eva2023-science1-14-14-01.jpg,eva2023-science1:14
simulacro-1,Ciencias Naturales,EXT-eva2023-science1-15-15,1,15,15,False,Guia-PC-CienciasNaturales-11-1.pdf,Evaluar para Avanzar 2023 - Cuadernillo 1,assets/pages/expanded/eva2023-science1/eva2023-science1-15-15-01.jpg,eva2023-science1:15
simulacro-2,Ciencias Naturales,EXT-eva2023-science1-16-16,1,16,16,False,Guia-PC-CienciasNaturales-11-1.pdf,Evaluar para Avanzar 2023 - Cuadernillo 1,assets/pages/expanded/eva2023-science1/eva2023-science1-16-16-01.jpg,eva2023-science1:16
simulacro-2,Ciencias Naturales,EXT-eva2023-science1-17-17,1,17,17,False,Guia-PC-CienciasNaturales-11-1.pdf,Evaluar para Avanzar 2023 - Cuadernillo 1,assets/pages/expanded/eva2023-science1/eva2023-science1-17-17-01.jpg,eva2023-science1:17
simulacro-2,Ciencias Naturales,EXT-eva2023-science1-18-18,1,18,18,False,Guia-PC-CienciasNaturales-11-1.pdf,Evaluar para Avanzar 2023 - Cuadernillo 1,assets/pages/expanded/eva2023-science1/eva2023-science1-18-18-01.jpg,eva2023-science1:18
simulacro-2,Ciencias Naturales,EXT-eva2023-science1-19-19,1,19,19,False,Guia-PC-CienciasNaturales-11-1.pdf,Evaluar para Avanzar 2023 - Cuadernillo 1,assets/pages/expanded/eva2023-science1/eva2023-science1-19-19-01.jpg,eva2023-science1:19
simulacro-2,Ciencias Naturales,EXT-eva2023-science1-20-20,1,20,20,False,Guia-PC-CienciasNaturales-11-1.pdf,Evaluar para Avanzar 2023 - Cuadernillo 1,assets/pages/expanded/eva2023-science1/eva2023-science1-20-20-01.jpg,eva2023-science1:20
simulacro-2,Ciencias Naturales,EXT-eva2023-science2-01-03,3,1,3,True,Guia-PC-CienciasNaturales-11-2.pdf,Evaluar para Avanzar 2023 - Cuadernillo 2,assets/pages/expanded/eva2023-science2/eva2023-science2-01-03-01.jpg,eva2023-science2:01 | eva2023-science2:02 | eva2023-science2:03
simulacro-2,Ciencias Naturales,EXT-eva2023-science2-04-04,1,4,4,False,Guia-PC-CienciasNaturales-11-2.pdf,Evaluar para Avanzar 2023 - Cuadernillo 2,assets/pages/expanded/eva2023-science2/eva2023-science2-04-04-01.jpg,eva2023-science2:04
simulacro-2,Ciencias Naturales,EXT-eva2023-science2-05-05,1,5,5,False,Guia-PC-CienciasNaturales-11-2.pdf,Evaluar para Avanzar 2023 - Cuadernillo 2,assets/pages/expanded/eva2023-science2/eva2023-science2-05-05-01.jpg,eva2023-science2:05
simulacro-2,Ciencias Naturales,EXT-eva2023-science2-06-06,1,6,6,False,Guia-PC-CienciasNaturales-11-2.pdf,Evaluar para Avanzar 2023 - Cuadernillo 2,assets/pages/expanded/eva2023-science2/eva2023-science2-06-06-01.jpg,eva2023-science2:06
simulacro-2,Ciencias Naturales,EXT-eva2023-science2-07-07,1,7,7,False,Guia-PC-CienciasNaturales-11-2.pdf,Evaluar para Avanzar 2023 - Cuadernillo 2,assets/pages/expanded/eva2023-science2/eva2023-science2-07-07-01.jpg,eva2023-science2:07
simulacro-2,Ciencias Naturales,EXT-eva2023-science2-08-08,1,8,8,False,Guia-PC-CienciasNaturales-11-2.pdf,Evaluar para Avanzar 2023 - Cuadernillo 2,assets/pages/expanded/eva2023-science2/eva2023-science2-08-08-01.jpg,eva2023-science2:08
simulacro-2,Ciencias Naturales,EXT-eva2023-science2-09-09,1,9,9,False,Guia-PC-CienciasNaturales-11-2.pdf,Evaluar para Avanzar 2023 - Cuadernillo 2,assets/pages/expanded/eva2023-science2/eva2023-science2-09-09-01.jpg,eva2023-science2:09
simulacro-2,Ciencias Naturales,EXT-eva2023-science2-10-10,1,10,10,False,Guia-PC-CienciasNaturales-11-2.pdf,Evaluar para Avanzar 2023 - Cuadernillo 2,assets/pages/expanded/eva2023-science2/eva2023-science2-10-10-01.jpg,eva2023-science2:10
simulacro-2,Ciencias Naturales,EXT-eva2023-science2-11-11,1,11,11,False,Guia-PC-CienciasNaturales-11-2.pdf,Evaluar para Avanzar 2023 - Cuadernillo 2,assets/pages/expanded/eva2023-science2/eva2023-science2-11-11-01.jpg,eva2023-science2:11
simulacro-2,Ciencias Naturales,EXT-eva2023-science2-12-12,1,12,12,False,Guia-PC-CienciasNaturales-11-2.pdf,Evaluar para Avanzar 2023 - Cuadernillo 2,assets/pages/expanded/eva2023-science2/eva2023-science2-12-12-01.jpg,eva2023-science2:12
simulacro-2,Ciencias Naturales,EXT-eva2023-science2-13-13,1,13,13,False,Guia-PC-CienciasNaturales-11-2.pdf,Evaluar para Avanzar 2023 - Cuadernillo 2,assets/pages/expanded/eva2023-science2/eva2023-science2-13-13-01.jpg,eva2023-science2:13
simulacro-2,Ciencias Naturales,EXT-eva2023-science2-14-14,1,14,14,False,Guia-PC-CienciasNaturales-11-2.pdf,Evaluar para Avanzar 2023 - Cuadernillo 2,assets/pages/expanded/eva2023-science2/eva2023-science2-14-14-01.jpg,eva2023-science2:14
simulacro-2,Ciencias Naturales,EXT-eva2023-science2-15-15,1,15,15,False,Guia-PC-CienciasNaturales-11-2.pdf,Evaluar para Avanzar 2023 - Cuadernillo 2,assets/pages/expanded/eva2023-science2/eva2023-science2-15-15-01.jpg,eva2023-science2:15
simulacro-2,Ciencias Naturales,EXT-eva2023-science2-16-16,1,16,16,False,Guia-PC-CienciasNaturales-11-2.pdf,Evaluar para Avanzar 2023 - Cuadernillo 2,assets/pages/expanded/eva2023-science2/eva2023-science2-16-16-01.jpg,eva2023-science2:16
simulacro-2,Ciencias Naturales,EXT-eva2023-science2-17-17,1,17,17,False,Guia-PC-CienciasNaturales-11-2.pdf,Evaluar para Avanzar 2023 - Cuadernillo 2,assets/pages/expanded/eva2023-science2/eva2023-science2-17-17-01.jpg,eva2023-science2:17
simulacro-2,Ciencias Naturales,EXT-eva2023-science2-18-18,1,18,18,False,Guia-PC-CienciasNaturales-11-2.pdf,Evaluar para Avanzar 2023 - Cuadernillo 2,assets/pages/expanded/eva2023-science2/eva2023-science2-18-18-01.jpg,eva2023-science2:18
simulacro-2,Ciencias Naturales,EXT-eva2023-science2-19-19,1,19,19,False,Guia-PC-CienciasNaturales-11-2.pdf,Evaluar para Avanzar 2023 - Cuadernillo 2,assets/pages/expanded/eva2023-science2/eva2023-science2-19-19-01.jpg,eva2023-science2:19
simulacro-2,Ciencias Naturales,EXT-eva2023-science2-20-20,1,20,20,False,Guia-PC-CienciasNaturales-11-2.pdf,Evaluar para Avanzar 2023 - Cuadernillo 2,assets/pages/expanded/eva2023-science2/eva2023-science2-20-20-01.jpg,eva2023-science2:20
simulacro-2,Ciencias Naturales,EXT-eva2020-science1-04-04,1,4,4,False,guia-cienciasnaturales-11-1.pdf,Evaluar para Avanzar 2020 - Cuadernillo 1,assets/pages/expanded/eva2020-science1/eva2020-science1-04-04-01.jpg,eva2020-science1:04
simulacro-2,Ciencias Naturales,EXT-eva2020-science1-06-06,1,6,6,False,guia-cienciasnaturales-11-1.pdf,Evaluar para Avanzar 2020 - Cuadernillo 1,assets/pages/expanded/eva2020-science1/eva2020-science1-06-06-01.jpg,eva2020-science1:06
simulacro-2,Ciencias Naturales,EXT-eva2020-science1-08-08,1,8,8,False,guia-cienciasnaturales-11-1.pdf,Evaluar para Avanzar 2020 - Cuadernillo 1,assets/pages/expanded/eva2020-science1/eva2020-science1-08-08-01.jpg,eva2020-science1:08
simulacro-2,Ciencias Naturales,EXT-eva2020-science1-10-10,1,10,10,False,guia-cienciasnaturales-11-1.pdf,Evaluar para Avanzar 2020 - Cuadernillo 1,assets/pages/expanded/eva2020-science1/eva2020-science1-10-10-01.jpg,eva2020-science1:10
simulacro-2,Ciencias Naturales,EXT-eva2020-science1-11-11,1,11,11,False,guia-cienciasnaturales-11-1.pdf,Evaluar para Avanzar 2020 - Cuadernillo 1,assets/pages/expanded/eva2020-science1/eva2020-science1-11-11-01.jpg,eva2020-science1:11
simulacro-2,Ciencias Naturales,EXT-eva2020-science1-12-12,1,12,12,False,guia-cienciasnaturales-11-1.pdf,Evaluar para Avanzar 2020 - Cuadernillo 1,assets/pages/expanded/eva2020-science1/eva2020-science1-12-12-01.jpg,eva2020-science1:12
simulacro-2,Ciencias Naturales,EXT-eva2020-science1-13-13,1,13,13,False,guia-cienciasnaturales-11-1.pdf,Evaluar para Avanzar 2020 - Cuadernillo 1,assets/pages/expanded/eva2020-science1/eva2020-science1-13-13-01.jpg,eva2020-science1:13
simulacro-2,Ciencias Naturales,EXT-eva2020-science1-14-14,1,14,14,False,guia-cienciasnaturales-11-1.pdf,Evaluar para Avanzar 2020 - Cuadernillo 1,assets/pages/expanded/eva2020-science1/eva2020-science1-14-14-01.jpg,eva2020-science1:14
simulacro-2,Ciencias Naturales,EXT-eva2020-science1-15-15,1,15,15,False,guia-cienciasnaturales-11-1.pdf,Evaluar para Avanzar 2020 - Cuadernillo 1,assets/pages/expanded/eva2020-science1/eva2020-science1-15-15-01.jpg,eva2020-science1:15
simulacro-2,Ciencias Naturales,EXT-eva2020-science1-16-16,1,16,16,False,guia-cienciasnaturales-11-1.pdf,Evaluar para Avanzar 2020 - Cuadernillo 1,assets/pages/expanded/eva2020-science1/eva2020-science1-16-16-01.jpg,eva2020-science1:16
simulacro-2,Ciencias Naturales,EXT-eva2020-science1-17-17,1,17,17,False,guia-cienciasnaturales-11-1.pdf,Evaluar para Avanzar 2020 - Cuadernillo 1,assets/pages/expanded/eva2020-science1/eva2020-science1-17-17-01.jpg,eva2020-science1:17
simulacro-2,Ciencias Naturales,EXT-eva2020-science1-18-18,1,18,18,False,guia-cienciasnaturales-11-1.pdf,Evaluar para Avanzar 2020 - Cuadernillo 1,assets/pages/expanded/eva2020-science1/eva2020-science1-18-18-01.jpg,eva2020-science1:18
simulacro-2,Ciencias Naturales,EXT-eva2020-science1-19-19,1,19,19,False,guia-cienciasnaturales-11-1.pdf,Evaluar para Avanzar 2020 - Cuadernillo 1,assets/pages/expanded/eva2020-science1/eva2020-science1-19-19-01.jpg,eva2020-science1:19
simulacro-2,Ciencias Naturales,EXT-science2019-01-01,1,1,1,False,cuadernillo-de-preguntas-saber-11-ciencias-naturales-2019.pdf,,assets/pages/expanded/science2019/p005.jpg,science2019:01
simulacro-2,Ciencias Naturales,EXT-science2019-02-02,1,2,2,False,cuadernillo-de-preguntas-saber-11-ciencias-naturales-2019.pdf,,assets/pages/expanded/science2019/p005.jpg,science2019:02
simulacro-2,Ciencias Naturales,EXT-science2019-05-05,1,5,5,False,cuadernillo-de-preguntas-saber-11-ciencias-naturales-2019.pdf,,assets/pages/expanded/science2019/p006.jpg,science2019:05
simulacro-2,Ciencias Naturales,EXT-science2019-06-06,1,6,6,False,cuadernillo-de-preguntas-saber-11-ciencias-naturales-2019.pdf,,assets/pages/expanded/science2019/p007.jpg,science2019:06
simulacro-2,Ciencias Naturales,EXT-science2019-08-08,1,8,8,False,cuadernillo-de-preguntas-saber-11-ciencias-naturales-2019.pdf,,assets/pages/expanded/science2019/p008.jpg,science2019:08
simulacro-2,Ciencias Naturales,EXT-science2019-15-15,1,15,15,False,cuadernillo-de-preguntas-saber-11-ciencias-naturales-2019.pdf,,assets/pages/expanded/science2019/p011.jpg,science2019:15
simulacro-2,Ciencias Naturales,EXT-science2019-18-18,1,18,18,False,cuadernillo-de-preguntas-saber-11-ciencias-naturales-2019.pdf,,assets/pages/expanded/science2019/p013.jpg,science2019:18
simulacro-2,Ciencias Naturales,EXT-science2019-21-21,1,21,21,False,cuadernillo-de-preguntas-saber-11-ciencias-naturales-2019.pdf,,assets/pages/expanded/science2019/p014.jpg,science2019:21
simulacro-2,Ciencias Naturales,EXT-science2019-26-26,1,26,26,False,cuadernillo-de-preguntas-saber-11-ciencias-naturales-2019.pdf,,assets/pages/expanded/science2019/p016.jpg,science2019:26
simulacro-2,Ciencias Naturales,EXT-science2019-28-28,1,28,28,False,cuadernillo-de-preguntas-saber-11-ciencias-naturales-2019.pdf,,assets/pages/expanded/science2019/p017.jpg,science2019:28
simulacro-2,Ciencias Naturales,EXT-science2019-29-29,1,29,29,False,cuadernillo-de-preguntas-saber-11-ciencias-naturales-2019.pdf,,assets/pages/expanded/science2019/p018.jpg,science2019:29
simulacro-2,Ciencias Naturales,EXT-science2019-30-30,1,30,30,False,cuadernillo-de-preguntas-saber-11-ciencias-naturales-2019.pdf,,assets/pages/expanded/science2019/p018.jpg,science2019:30
simulacro-2,Ciencias Naturales,EXT-science2019-31-31,1,31,31,False,cuadernillo-de-preguntas-saber-11-ciencias-naturales-2019.pdf,,assets/pages/expanded/science2019/p019.jpg,science2019:31
simulacro-2,Ciencias Naturales,EXT-science2019-32-32,1,32,32,False,cuadernillo-de-preguntas-saber-11-ciencias-naturales-2019.pdf,,assets/pages/expanded/science2019/p019.jpg,science2019:32
simulacro-2,Ciencias Naturales,EXT-science2019-39-39,1,39,39,False,cuadernillo-de-preguntas-saber-11-ciencias-naturales-2019.pdf,,assets/pages/expanded/science2019/p022.jpg,science2019:39
simulacro-2,Ciencias Naturales,EXT-science2019-40-40,1,40,40,False,cuadernillo-de-preguntas-saber-11-ciencias-naturales-2019.pdf,,assets/pages/expanded/science2019/p023.jpg,science2019:40
simulacro-2,Ciencias Naturales,EXT-science2019-41-41,1,41,41,False,cuadernillo-de-preguntas-saber-11-ciencias-naturales-2019.pdf,,assets/pages/expanded/science2019/p023.jpg,science2019:41
simulacro-2,Ciencias Naturales,EXT-science2019-42-42,1,42,42,False,cuadernillo-de-preguntas-saber-11-ciencias-naturales-2019.pdf,,assets/pages/expanded/science2019/p024.jpg,science2019:42
simulacro-2,Ciencias Naturales,EXT-science2019-43-43,1,43,43,False,cuadernillo-de-preguntas-saber-11-ciencias-naturales-2019.pdf,,assets/pages/expanded/science2019/p024.jpg,science2019:43
simulacro-2,Ciencias Naturales,EXT-science2019-47-47,1,47,47,False,cuadernillo-de-preguntas-saber-11-ciencias-naturales-2019.pdf,,assets/pages/expanded/science2019/p026.jpg,science2019:47
simulacro-1,Inglés,ING-english2019-Examen 1-10-14,5,10,14,True,cuadernillo-de-preguntas-ingles-saber-11-2019.pdf,Examen 1,assets/pages/cuadernillo-de-preguntas-ingles-saber-11-2019/p008.jpg,english2019:Examen 1:10 | english2019:Examen 1:11 | english2019:Examen 1:12 | english2019:Examen 1:13 | english2019:Examen 1:14
simulacro-1,Inglés,EXT-english2019e1-01-05,5,1,5,True,cuadernillo-de-preguntas-ingles-saber-11-2019.pdf,Examen 1,assets/pages/expanded/english2019e1/p005.jpg,english2019e1:01 | english2019e1:02 | english2019e1:03 | english2019e1:04 | english2019e1:05
simulacro-1,Inglés,EXT-english2019e1-06-06,1,6,6,False,cuadernillo-de-preguntas-ingles-saber-11-2019.pdf,Examen 1,assets/pages/expanded/english2019e1/p006.jpg,english2019e1:06
simulacro-1,Inglés,EXT-english2019e1-07-08,2,7,8,True,cuadernillo-de-preguntas-ingles-saber-11-2019.pdf,Examen 1,assets/pages/expanded/english2019e1/p007.jpg,english2019e1:07 | english2019e1:08
simulacro-1,Inglés,EXT-english2019e1-09-16,3,9,16,True,cuadernillo-de-preguntas-ingles-saber-11-2019.pdf,Examen 1,assets/pages/expanded/english2019e1/p008.jpg,english2019e1:09 | english2019e1:15 | english2019e1:16
simulacro-1,Inglés,EXT-english2019e1-17-23,7,17,23,True,cuadernillo-de-preguntas-ingles-saber-11-2019.pdf,Examen 1,assets/pages/expanded/english2019e1/p009.jpg | assets/pages/expanded/english2019e1/p010.jpg,english2019e1:17 | english2019e1:18 | english2019e1:19 | english2019e1:20 | english2019e1:21 | english2019e1:22 | english2019e1:23
simulacro-1,Inglés,EXT-english2019e1-24-25,2,24,25,True,cuadernillo-de-preguntas-ingles-saber-11-2019.pdf,Examen 1,assets/pages/expanded/english2019e1/p011.jpg | assets/pages/expanded/english2019e1/p012.jpg,english2019e1:24 | english2019e1:25
simulacro-1,Inglés,EXT-english2019e2-01-03,3,1,3,True,cuadernillo-de-preguntas-ingles-saber-11-2019.pdf,Examen 2,assets/pages/expanded/english2019e2/p013.jpg,english2019e2:01 | english2019e2:02 | english2019e2:03
simulacro-1,Inglés,EXT-english2019e2-04-06,3,4,6,True,cuadernillo-de-preguntas-ingles-saber-11-2019.pdf,Examen 2,assets/pages/expanded/english2019e2/p014.jpg,english2019e2:04 | english2019e2:05 | english2019e2:06
simulacro-1,Inglés,EXT-english2019e2-07-09,3,7,9,True,cuadernillo-de-preguntas-ingles-saber-11-2019.pdf,Examen 2,assets/pages/expanded/english2019e2/p015.jpg,english2019e2:07 | english2019e2:08 | english2019e2:09
simulacro-1,Inglés,EXT-english2019e2-10-14,5,10,14,True,cuadernillo-de-preguntas-ingles-saber-11-2019.pdf,Examen 2,assets/pages/expanded/english2019e2/p016.jpg,english2019e2:10 | english2019e2:11 | english2019e2:12 | english2019e2:13 | english2019e2:14
simulacro-1,Inglés,EXT-english2019e2-15-19,5,15,19,True,cuadernillo-de-preguntas-ingles-saber-11-2019.pdf,Examen 2,assets/pages/expanded/english2019e2/p017.jpg,english2019e2:15 | english2019e2:16 | english2019e2:17 | english2019e2:18 | english2019e2:19
simulacro-1,Inglés,EXT-english2019e2-20-21,1,20,20,True,cuadernillo-de-preguntas-ingles-saber-11-2019.pdf,Examen 2,assets/pages/expanded/english2019e2/p018.jpg,english2019e2:20
simulacro-2,Inglés,EXT-english2019e2-22-25,4,22,25,True,cuadernillo-de-preguntas-ingles-saber-11-2019.pdf,Examen 2,assets/pages/expanded/english2019e2/p019.jpg,english2019e2:22 | english2019e2:23 | english2019e2:24 | english2019e2:25
simulacro-1,Inglés,ENG-2020-ANIMALS-01-05,5,1,5,True,Cuadernillo-Ingles-11-1.pdf,Cuadernillo 1 · 2020,assets/additional/english_2020_animals_q1_5.jpg,english2020:manual:01 | english2020:manual:02 | english2020:manual:03 | english2020:manual:04 | english2020:manual:05
simulacro-1,Inglés,ENG-2020-SMILING-15-19,5,15,19,True,Cuadernillo-Ingles-11-1.pdf,Cuadernillo 1 · 2020,assets/additional/english_2020_smiling_q15_19.jpg,english2020:manual:15 | english2020:manual:16 | english2020:manual:17 | english2020:manual:18 | english2020:manual:19
simulacro-2,Inglés,ING-english2021-01-05,5,1,5,True,Cuadernillo-Ingles-11-2021.pdf,Cuadernillo 1 · 2021,assets/pages/english2021/p-2.jpg,english2021:01 | english2021:02 | english2021:03 | english2021:04 | english2021:05
simulacro-2,Inglés,ING-english2021-06-08,3,6,8,True,Cuadernillo-Ingles-11-2021.pdf,Cuadernillo 1 · 2021,assets/pages/english2021/p-3.jpg,english2021:06 | english2021:07 | english2021:08
simulacro-2,Inglés,ING-english2021-09-14,6,9,14,True,Cuadernillo-Ingles-11-2021.pdf,Cuadernillo 1 · 2021,assets/pages/english2021/p-4.jpg,english2021:09 | english2021:10 | english2021:11 | english2021:12 | english2021:13 | english2021:14
simulacro-2,Inglés,ING-english2021-15-19,5,15,19,True,Cuadernillo-Ingles-11-2021.pdf,Cuadernillo 1 · 2021,assets/pages/english2021/p-5.jpg,english2021:15 | english2021:16 | english2021:17 | english2021:18 | english2021:19
simulacro-2,Inglés,ING-english2021-20-25,6,20,25,True,Cuadernillo-Ingles-11-2021.pdf,Cuadernillo 1 · 2021,assets/pages/english2021/p-6.jpg,english2021:20 | english2021:21 | english2021:22 | english2021:23 | english2021:24 | english2021:25
simulacro-2,Inglés,ING-english2022-01-05,5,1,5,True,Cuadernillo-Ingles-11-2022.pdf,Cuadernillo 1 · 2022,assets/pages/english2022/p-2.jpg,english2022:01 | english2022:02 | english2022:03 | english2022:04 | english2022:05
simulacro-2,Inglés,ING-english2022-06-08,3,6,8,True,Cuadernillo-Ingles-11-2022.pdf,Cuadernillo 1 · 2022,assets/pages/english2022/p-3.jpg,english2022:06 | english2022:07 | english2022:08
simulacro-2,Inglés,ING-english2022-09-14,6,9,14,True,Cuadernillo-Ingles-11-2022.pdf,Cuadernillo 1 · 2022,assets/pages/english2022/p-4.jpg,english2022:09 | english2022:10 | english2022:11 | english2022:12 | english2022:13 | english2022:14
simulacro-2,Inglés,ING-english2022-15-19,5,15,19,True,Cuadernillo-Ingles-11-2022.pdf,Cuadernillo 1 · 2022,assets/pages/english2022/p-5.jpg,english2022:15 | english2022:16 | english2022:17 | english2022:18 | english2022:19
simulacro-2,Inglés,ING-english2022-20-25,6,20,25,True,Cuadernillo-Ingles-11-2022.pdf,Cuadernillo 1 · 2022,assets/pages/english2022/p-6.jpg,english2022:20 | english2022:21 | english2022:22 | english2022:23 | english2022:24 | english2022:25
simulacro-2,Inglés,ING-english2020-06,1,6,6,False,Cuadernillo-Ingles-11-1.pdf,Cuadernillo 1 · 2020,assets/pages/english2020/p-3.jpg,english2020:manual:06
